filename,full_path
OnlyYouSeriesTH_1833381180798075053_2024-09-10 05-45_1.webp,./images/OnlyYouSeriesTH/OnlyYouSeriesTH_1833381180798075053_2024-09-10 05-45_1.webp
OnlyYouSeriesTH_1833412124959510833_2024-09-10 07-48_1.webp,./images/OnlyYouSeriesTH/OnlyYouSeriesTH_1833412124959510833_2024-09-10 07-48_1.webp
OnlyYouSeriesTH_1833445872920822130_2024-09-10 10-02_1.webp,./images/OnlyYouSeriesTH/OnlyYouSeriesTH_1833445872920822130_2024-09-10 10-02_1.webp
OnlyYouSeriesTH_1833460412358266947_2024-09-10 11-00_1.webp,./images/OnlyYouSeriesTH/OnlyYouSeriesTH_1833460412358266947_2024-09-10 11-00_1.webp
OnlyYouSeriesTH_1833718926494372065_2024-09-11 04-07_1.webp,./images/OnlyYouSeriesTH/OnlyYouSeriesTH_1833718926494372065_2024-09-11 04-07_1.webp
OnlyYouSeriesTH_1833718926494372065_2024-09-11 04-07_2.webp,./images/OnlyYouSeriesTH/OnlyYouSeriesTH_1833718926494372065_2024-09-11 04-07_2.webp
OnlyYouSeriesTH_1833718926494372065_2024-09-11 04-07_3.webp,./images/OnlyYouSeriesTH/OnlyYouSeriesTH_1833718926494372065_2024-09-11 04-07_3.webp
OnlyYouSeriesTH_1833718926494372065_2024-09-11 04-07_4.webp,./images/OnlyYouSeriesTH/OnlyYouSeriesTH_1833718926494372065_2024-09-11 04-07_4.webp
OnlyYouSeriesTH_1833751723367862600_2024-09-11 06-17_1.webp,./images/OnlyYouSeriesTH/OnlyYouSeriesTH_1833751723367862600_2024-09-11 06-17_1.webp
OnlyYouSeriesTH_1833751723367862600_2024-09-11 06-17_2.webp,./images/OnlyYouSeriesTH/OnlyYouSeriesTH_1833751723367862600_2024-09-11 06-17_2.webp
OnlyYouSeriesTH_1833751723367862600_2024-09-11 06-17_3.webp,./images/OnlyYouSeriesTH/OnlyYouSeriesTH_1833751723367862600_2024-09-11 06-17_3.webp
OnlyYouSeriesTH_1833751723367862600_2024-09-11 06-17_4.webp,./images/OnlyYouSeriesTH/OnlyYouSeriesTH_1833751723367862600_2024-09-11 06-17_4.webp
OnlyYouSeriesTH_1833810663472586841_2024-09-11 10-11_1.webp,./images/OnlyYouSeriesTH/OnlyYouSeriesTH_1833810663472586841_2024-09-11 10-11_1.webp
OnlyYouSeriesTH_1833810663472586841_2024-09-11 10-11_2.webp,./images/OnlyYouSeriesTH/OnlyYouSeriesTH_1833810663472586841_2024-09-11 10-11_2.webp
OnlyYouSeriesTH_1833810663472586841_2024-09-11 10-11_3.webp,./images/OnlyYouSeriesTH/OnlyYouSeriesTH_1833810663472586841_2024-09-11 10-11_3.webp
OnlyYouSeriesTH_1834094591592509786_2024-09-12 05-00_1.webp,./images/OnlyYouSeriesTH/OnlyYouSeriesTH_1834094591592509786_2024-09-12 05-00_1.webp
OnlyYouSeriesTH_1834166430323052800_2024-09-12 09-45_1.webp,./images/OnlyYouSeriesTH/OnlyYouSeriesTH_1834166430323052800_2024-09-12 09-45_1.webp
OnlyYouSeriesTH_1834166430323052800_2024-09-12 09-45_2.webp,./images/OnlyYouSeriesTH/OnlyYouSeriesTH_1834166430323052800_2024-09-12 09-45_2.webp
OnlyYouSeriesTH_1834166430323052800_2024-09-12 09-45_3.webp,./images/OnlyYouSeriesTH/OnlyYouSeriesTH_1834166430323052800_2024-09-12 09-45_3.webp
OnlyYouSeriesTH_1834399913641476202_2024-09-13 01-13_1.webp,./images/OnlyYouSeriesTH/OnlyYouSeriesTH_1834399913641476202_2024-09-13 01-13_1.webp
OnlyYouSeriesTH_1834450774501331359_2024-09-13 04-35_1.webp,./images/OnlyYouSeriesTH/OnlyYouSeriesTH_1834450774501331359_2024-09-13 04-35_1.webp
OnlyYouSeriesTH_1834491399229632645_2024-09-13 07-16_1.webp,./images/OnlyYouSeriesTH/OnlyYouSeriesTH_1834491399229632645_2024-09-13 07-16_1.webp
OnlyYouSeriesTH_1834572375498846220_2024-09-13 12-38_1.webp,./images/OnlyYouSeriesTH/OnlyYouSeriesTH_1834572375498846220_2024-09-13 12-38_1.webp
OnlyYouSeriesTH_1834572375498846220_2024-09-13 12-38_2.webp,./images/OnlyYouSeriesTH/OnlyYouSeriesTH_1834572375498846220_2024-09-13 12-38_2.webp
OnlyYouSeriesTH_1834574680931651827_2024-09-13 12-47_1.webp,./images/OnlyYouSeriesTH/OnlyYouSeriesTH_1834574680931651827_2024-09-13 12-47_1.webp
OnlyYouSeriesTH_1834574680931651827_2024-09-13 12-47_2.webp,./images/OnlyYouSeriesTH/OnlyYouSeriesTH_1834574680931651827_2024-09-13 12-47_2.webp
OnlyYouSeriesTH_1834574680931651827_2024-09-13 12-47_3.webp,./images/OnlyYouSeriesTH/OnlyYouSeriesTH_1834574680931651827_2024-09-13 12-47_3.webp
OnlyYouSeriesTH_1834574680931651827_2024-09-13 12-47_4.webp,./images/OnlyYouSeriesTH/OnlyYouSeriesTH_1834574680931651827_2024-09-13 12-47_4.webp
OnlyYouSeriesTH_1834577843440738555_2024-09-13 13-00_1.webp,./images/OnlyYouSeriesTH/OnlyYouSeriesTH_1834577843440738555_2024-09-13 13-00_1.webp
OnlyYouSeriesTH_1834577843440738555_2024-09-13 13-00_2.webp,./images/OnlyYouSeriesTH/OnlyYouSeriesTH_1834577843440738555_2024-09-13 13-00_2.webp
OnlyYouSeriesTH_1834580289013915855_2024-09-13 13-10_1.webp,./images/OnlyYouSeriesTH/OnlyYouSeriesTH_1834580289013915855_2024-09-13 13-10_1.webp
OnlyYouSeriesTH_1834580289013915855_2024-09-13 13-10_2.webp,./images/OnlyYouSeriesTH/OnlyYouSeriesTH_1834580289013915855_2024-09-13 13-10_2.webp
OnlyYouSeriesTH_1834580289013915855_2024-09-13 13-10_3.webp,./images/OnlyYouSeriesTH/OnlyYouSeriesTH_1834580289013915855_2024-09-13 13-10_3.webp
OnlyYouSeriesTH_1834585324724388346_2024-09-13 13-30_1.webp,./images/OnlyYouSeriesTH/OnlyYouSeriesTH_1834585324724388346_2024-09-13 13-30_1.webp
OnlyYouSeriesTH_1834585324724388346_2024-09-13 13-30_2.webp,./images/OnlyYouSeriesTH/OnlyYouSeriesTH_1834585324724388346_2024-09-13 13-30_2.webp
OnlyYouSeriesTH_1834585324724388346_2024-09-13 13-30_3.webp,./images/OnlyYouSeriesTH/OnlyYouSeriesTH_1834585324724388346_2024-09-13 13-30_3.webp
OnlyYouSeriesTH_1834587838030979527_2024-09-13 13-40_1.webp,./images/OnlyYouSeriesTH/OnlyYouSeriesTH_1834587838030979527_2024-09-13 13-40_1.webp
OnlyYouSeriesTH_1834587838030979527_2024-09-13 13-40_2.webp,./images/OnlyYouSeriesTH/OnlyYouSeriesTH_1834587838030979527_2024-09-13 13-40_2.webp
OnlyYouSeriesTH_1834793286235832377_2024-09-14 03-16_1.webp,./images/OnlyYouSeriesTH/OnlyYouSeriesTH_1834793286235832377_2024-09-14 03-16_1.webp
OnlyYouSeriesTH_1834793286235832377_2024-09-14 03-16_2.webp,./images/OnlyYouSeriesTH/OnlyYouSeriesTH_1834793286235832377_2024-09-14 03-16_2.webp
OnlyYouSeriesTH_1834890529374703634_2024-09-14 09-42_1.webp,./images/OnlyYouSeriesTH/OnlyYouSeriesTH_1834890529374703634_2024-09-14 09-42_1.webp
OnlyYouSeriesTH_1834890529374703634_2024-09-14 09-42_2.webp,./images/OnlyYouSeriesTH/OnlyYouSeriesTH_1834890529374703634_2024-09-14 09-42_2.webp
OnlyYouSeriesTH_1834890529374703634_2024-09-14 09-42_3.webp,./images/OnlyYouSeriesTH/OnlyYouSeriesTH_1834890529374703634_2024-09-14 09-42_3.webp
OnlyYouSeriesTH_1834890529374703634_2024-09-14 09-42_4.webp,./images/OnlyYouSeriesTH/OnlyYouSeriesTH_1834890529374703634_2024-09-14 09-42_4.webp
OnlyYouSeriesTH_1835224584620327118_2024-09-15 07-50_1.webp,./images/OnlyYouSeriesTH/OnlyYouSeriesTH_1835224584620327118_2024-09-15 07-50_1.webp
OnlyYouSeriesTH_1835224584620327118_2024-09-15 07-50_2.webp,./images/OnlyYouSeriesTH/OnlyYouSeriesTH_1835224584620327118_2024-09-15 07-50_2.webp
OnlyYouSeriesTH_1835224584620327118_2024-09-15 07-50_3.webp,./images/OnlyYouSeriesTH/OnlyYouSeriesTH_1835224584620327118_2024-09-15 07-50_3.webp
OnlyYouSeriesTH_1835531066125504882_2024-09-16 04-08_1.webp,./images/OnlyYouSeriesTH/OnlyYouSeriesTH_1835531066125504882_2024-09-16 04-08_1.webp
OnlyYouSeriesTH_1835531066125504882_2024-09-16 04-08_2.webp,./images/OnlyYouSeriesTH/OnlyYouSeriesTH_1835531066125504882_2024-09-16 04-08_2.webp
OnlyYouSeriesTH_1835531066125504882_2024-09-16 04-08_3.webp,./images/OnlyYouSeriesTH/OnlyYouSeriesTH_1835531066125504882_2024-09-16 04-08_3.webp
OnlyYouSeriesTH_1835531066125504882_2024-09-16 04-08_4.webp,./images/OnlyYouSeriesTH/OnlyYouSeriesTH_1835531066125504882_2024-09-16 04-08_4.webp
OnlyYouSeriesTH_1835585858738815047_2024-09-16 07-45_1.webp,./images/OnlyYouSeriesTH/OnlyYouSeriesTH_1835585858738815047_2024-09-16 07-45_1.webp
OnlyYouSeriesTH_1835585858738815047_2024-09-16 07-45_2.webp,./images/OnlyYouSeriesTH/OnlyYouSeriesTH_1835585858738815047_2024-09-16 07-45_2.webp
OnlyYouSeriesTH_1835585858738815047_2024-09-16 07-45_3.webp,./images/OnlyYouSeriesTH/OnlyYouSeriesTH_1835585858738815047_2024-09-16 07-45_3.webp
OnlyYouSeriesTH_1835585858738815047_2024-09-16 07-45_4.webp,./images/OnlyYouSeriesTH/OnlyYouSeriesTH_1835585858738815047_2024-09-16 07-45_4.webp
OnlyYouSeriesTH_1835866124845711440_2024-09-17 02-19_1.webp,./images/OnlyYouSeriesTH/OnlyYouSeriesTH_1835866124845711440_2024-09-17 02-19_1.webp
OnlyYouSeriesTH_1835866124845711440_2024-09-17 02-19_2.webp,./images/OnlyYouSeriesTH/OnlyYouSeriesTH_1835866124845711440_2024-09-17 02-19_2.webp
OnlyYouSeriesTH_1835914937639780406_2024-09-17 05-33_1.webp,./images/OnlyYouSeriesTH/OnlyYouSeriesTH_1835914937639780406_2024-09-17 05-33_1.webp
OnlyYouSeriesTH_1835914937639780406_2024-09-17 05-33_2.webp,./images/OnlyYouSeriesTH/OnlyYouSeriesTH_1835914937639780406_2024-09-17 05-33_2.webp
OnlyYouSeriesTH_1835914945265066403_2024-09-17 05-33_1.webp,./images/OnlyYouSeriesTH/OnlyYouSeriesTH_1835914945265066403_2024-09-17 05-33_1.webp
OnlyYouSeriesTH_1835914945265066403_2024-09-17 05-33_2.webp,./images/OnlyYouSeriesTH/OnlyYouSeriesTH_1835914945265066403_2024-09-17 05-33_2.webp
OnlyYouSeriesTH_1835914945265066403_2024-09-17 05-33_3.webp,./images/OnlyYouSeriesTH/OnlyYouSeriesTH_1835914945265066403_2024-09-17 05-33_3.webp
OnlyYouSeriesTH_1835914949920768134_2024-09-17 05-33_1.webp,./images/OnlyYouSeriesTH/OnlyYouSeriesTH_1835914949920768134_2024-09-17 05-33_1.webp
OnlyYouSeriesTH_1835914949920768134_2024-09-17 05-33_2.webp,./images/OnlyYouSeriesTH/OnlyYouSeriesTH_1835914949920768134_2024-09-17 05-33_2.webp
OnlyYouSeriesTH_1835914949920768134_2024-09-17 05-33_3.webp,./images/OnlyYouSeriesTH/OnlyYouSeriesTH_1835914949920768134_2024-09-17 05-33_3.webp
OnlyYouSeriesTH_1836240609063133394_2024-09-18 03-07_1.webp,./images/OnlyYouSeriesTH/OnlyYouSeriesTH_1836240609063133394_2024-09-18 03-07_1.webp
OnlyYouSeriesTH_1836240609063133394_2024-09-18 03-07_2.webp,./images/OnlyYouSeriesTH/OnlyYouSeriesTH_1836240609063133394_2024-09-18 03-07_2.webp
OnlyYouSeriesTH_1836240609063133394_2024-09-18 03-07_3.webp,./images/OnlyYouSeriesTH/OnlyYouSeriesTH_1836240609063133394_2024-09-18 03-07_3.webp
OnlyYouSeriesTH_1836333145366630575_2024-09-18 09-15_1.webp,./images/OnlyYouSeriesTH/OnlyYouSeriesTH_1836333145366630575_2024-09-18 09-15_1.webp
OnlyYouSeriesTH_1836333145366630575_2024-09-18 09-15_2.webp,./images/OnlyYouSeriesTH/OnlyYouSeriesTH_1836333145366630575_2024-09-18 09-15_2.webp
OnlyYouSeriesTH_1836333145366630575_2024-09-18 09-15_3.webp,./images/OnlyYouSeriesTH/OnlyYouSeriesTH_1836333145366630575_2024-09-18 09-15_3.webp
OnlyYouSeriesTH_1836695679105998906_2024-09-19 09-15_1.webp,./images/OnlyYouSeriesTH/OnlyYouSeriesTH_1836695679105998906_2024-09-19 09-15_1.webp
OnlyYouSeriesTH_1836966251203285250_2024-09-20 03-10_1.webp,./images/OnlyYouSeriesTH/OnlyYouSeriesTH_1836966251203285250_2024-09-20 03-10_1.webp
OnlyYouSeriesTH_1837002439339430270_2024-09-20 05-34_1.webp,./images/OnlyYouSeriesTH/OnlyYouSeriesTH_1837002439339430270_2024-09-20 05-34_1.webp
OnlyYouSeriesTH_1837002439339430270_2024-09-20 05-34_2.webp,./images/OnlyYouSeriesTH/OnlyYouSeriesTH_1837002439339430270_2024-09-20 05-34_2.webp
OnlyYouSeriesTH_1837002439339430270_2024-09-20 05-34_3.webp,./images/OnlyYouSeriesTH/OnlyYouSeriesTH_1837002439339430270_2024-09-20 05-34_3.webp
OnlyYouSeriesTH_1837002439339430270_2024-09-20 05-34_4.webp,./images/OnlyYouSeriesTH/OnlyYouSeriesTH_1837002439339430270_2024-09-20 05-34_4.webp
OnlyYouSeriesTH_1837033707326296405_2024-09-20 07-39_1.webp,./images/OnlyYouSeriesTH/OnlyYouSeriesTH_1837033707326296405_2024-09-20 07-39_1.webp
OnlyYouSeriesTH_1837033707326296405_2024-09-20 07-39_2.webp,./images/OnlyYouSeriesTH/OnlyYouSeriesTH_1837033707326296405_2024-09-20 07-39_2.webp
OnlyYouSeriesTH_1837033707326296405_2024-09-20 07-39_3.webp,./images/OnlyYouSeriesTH/OnlyYouSeriesTH_1837033707326296405_2024-09-20 07-39_3.webp
OnlyYouSeriesTH_1837033707326296405_2024-09-20 07-39_4.webp,./images/OnlyYouSeriesTH/OnlyYouSeriesTH_1837033707326296405_2024-09-20 07-39_4.webp
OnlyYouSeriesTH_1837125933100396909_2024-09-20 13-45_1.webp,./images/OnlyYouSeriesTH/OnlyYouSeriesTH_1837125933100396909_2024-09-20 13-45_1.webp
OnlyYouSeriesTH_1837415103437983804_2024-09-21 08-54_1.webp,./images/OnlyYouSeriesTH/OnlyYouSeriesTH_1837415103437983804_2024-09-21 08-54_1.webp
OnlyYouSeriesTH_1837440200890269800_2024-09-21 10-34_1.webp,./images/OnlyYouSeriesTH/OnlyYouSeriesTH_1837440200890269800_2024-09-21 10-34_1.webp
OnlyYouSeriesTH_1837464434639278114_2024-09-21 12-10_1.webp,./images/OnlyYouSeriesTH/OnlyYouSeriesTH_1837464434639278114_2024-09-21 12-10_1.webp
OnlyYouSeriesTH_1837467933947150537_2024-09-21 12-24_1.webp,./images/OnlyYouSeriesTH/OnlyYouSeriesTH_1837467933947150537_2024-09-21 12-24_1.webp
OnlyYouSeriesTH_1838069548890898553_2024-09-23 04-15_1.webp,./images/OnlyYouSeriesTH/OnlyYouSeriesTH_1838069548890898553_2024-09-23 04-15_1.webp
OnlyYouSeriesTH_1838069548890898553_2024-09-23 04-15_2.webp,./images/OnlyYouSeriesTH/OnlyYouSeriesTH_1838069548890898553_2024-09-23 04-15_2.webp
OnlyYouSeriesTH_1838069548890898553_2024-09-23 04-15_3.webp,./images/OnlyYouSeriesTH/OnlyYouSeriesTH_1838069548890898553_2024-09-23 04-15_3.webp
OnlyYouSeriesTH_1838096118313619717_2024-09-23 06-00_1.webp,./images/OnlyYouSeriesTH/OnlyYouSeriesTH_1838096118313619717_2024-09-23 06-00_1.webp
OnlyYouSeriesTH_1838453648826757171_2024-09-24 05-41_1.webp,./images/OnlyYouSeriesTH/OnlyYouSeriesTH_1838453648826757171_2024-09-24 05-41_1.webp
OnlyYouSeriesTH_1838453648826757171_2024-09-24 05-41_2.webp,./images/OnlyYouSeriesTH/OnlyYouSeriesTH_1838453648826757171_2024-09-24 05-41_2.webp
OnlyYouSeriesTH_1838838136266461384_2024-09-25 07-09_1.webp,./images/OnlyYouSeriesTH/OnlyYouSeriesTH_1838838136266461384_2024-09-25 07-09_1.webp
OnlyYouSeriesTH_1838838136266461384_2024-09-25 07-09_2.webp,./images/OnlyYouSeriesTH/OnlyYouSeriesTH_1838838136266461384_2024-09-25 07-09_2.webp
OnlyYouSeriesTH_1838860327729111200_2024-09-25 08-37_1.webp,./images/OnlyYouSeriesTH/OnlyYouSeriesTH_1838860327729111200_2024-09-25 08-37_1.webp
OnlyYouSeriesTH_1838860327729111200_2024-09-25 08-37_2.webp,./images/OnlyYouSeriesTH/OnlyYouSeriesTH_1838860327729111200_2024-09-25 08-37_2.webp
OnlyYouSeriesTH_1838860327729111200_2024-09-25 08-37_3.webp,./images/OnlyYouSeriesTH/OnlyYouSeriesTH_1838860327729111200_2024-09-25 08-37_3.webp
OnlyYouSeriesTH_1838880342004170863_2024-09-25 09-56_1.webp,./images/OnlyYouSeriesTH/OnlyYouSeriesTH_1838880342004170863_2024-09-25 09-56_1.webp
OnlyYouSeriesTH_1838880342004170863_2024-09-25 09-56_2.webp,./images/OnlyYouSeriesTH/OnlyYouSeriesTH_1838880342004170863_2024-09-25 09-56_2.webp
OnlyYouSeriesTH_1838883644502327742_2024-09-25 10-10_1.webp,./images/OnlyYouSeriesTH/OnlyYouSeriesTH_1838883644502327742_2024-09-25 10-10_1.webp
OnlyYouSeriesTH_1838883644502327742_2024-09-25 10-10_2.webp,./images/OnlyYouSeriesTH/OnlyYouSeriesTH_1838883644502327742_2024-09-25 10-10_2.webp
OnlyYouSeriesTH_1838886412629794871_2024-09-25 10-21_1.webp,./images/OnlyYouSeriesTH/OnlyYouSeriesTH_1838886412629794871_2024-09-25 10-21_1.webp
OnlyYouSeriesTH_1838886412629794871_2024-09-25 10-21_2.webp,./images/OnlyYouSeriesTH/OnlyYouSeriesTH_1838886412629794871_2024-09-25 10-21_2.webp
OnlyYouSeriesTH_1838888678594146806_2024-09-25 10-30_1.webp,./images/OnlyYouSeriesTH/OnlyYouSeriesTH_1838888678594146806_2024-09-25 10-30_1.webp
OnlyYouSeriesTH_1838888678594146806_2024-09-25 10-30_2.webp,./images/OnlyYouSeriesTH/OnlyYouSeriesTH_1838888678594146806_2024-09-25 10-30_2.webp
OnlyYouSeriesTH_1838888678594146806_2024-09-25 10-30_3.webp,./images/OnlyYouSeriesTH/OnlyYouSeriesTH_1838888678594146806_2024-09-25 10-30_3.webp
OnlyYouSeriesTH_1838889936239702402_2024-09-25 10-35_1.webp,./images/OnlyYouSeriesTH/OnlyYouSeriesTH_1838889936239702402_2024-09-25 10-35_1.webp
OnlyYouSeriesTH_1838889936239702402_2024-09-25 10-35_2.webp,./images/OnlyYouSeriesTH/OnlyYouSeriesTH_1838889936239702402_2024-09-25 10-35_2.webp
OnlyYouSeriesTH_1838890854230188081_2024-09-25 10-38_1.webp,./images/OnlyYouSeriesTH/OnlyYouSeriesTH_1838890854230188081_2024-09-25 10-38_1.webp
OnlyYouSeriesTH_1838892452897313054_2024-09-25 10-45_1.webp,./images/OnlyYouSeriesTH/OnlyYouSeriesTH_1838892452897313054_2024-09-25 10-45_1.webp
OnlyYouSeriesTH_1838892452897313054_2024-09-25 10-45_2.webp,./images/OnlyYouSeriesTH/OnlyYouSeriesTH_1838892452897313054_2024-09-25 10-45_2.webp
OnlyYouSeriesTH_1839555230150824447_2024-09-27 06-38_1.webp,./images/OnlyYouSeriesTH/OnlyYouSeriesTH_1839555230150824447_2024-09-27 06-38_1.webp
OnlyYouSeriesTH_1839555230150824447_2024-09-27 06-38_2.webp,./images/OnlyYouSeriesTH/OnlyYouSeriesTH_1839555230150824447_2024-09-27 06-38_2.webp
OnlyYouSeriesTH_1839555230150824447_2024-09-27 06-38_3.webp,./images/OnlyYouSeriesTH/OnlyYouSeriesTH_1839555230150824447_2024-09-27 06-38_3.webp
OnlyYouSeriesTH_1839555230150824447_2024-09-27 06-38_4.webp,./images/OnlyYouSeriesTH/OnlyYouSeriesTH_1839555230150824447_2024-09-27 06-38_4.webp
OnlyYouSeriesTH_1839894979147378780_2024-09-28 05-08_1.webp,./images/OnlyYouSeriesTH/OnlyYouSeriesTH_1839894979147378780_2024-09-28 05-08_1.webp
OnlyYouSeriesTH_1839894979147378780_2024-09-28 05-08_2.webp,./images/OnlyYouSeriesTH/OnlyYouSeriesTH_1839894979147378780_2024-09-28 05-08_2.webp
OnlyYouSeriesTH_1840266779819377145_2024-09-29 05-46_1.webp,./images/OnlyYouSeriesTH/OnlyYouSeriesTH_1840266779819377145_2024-09-29 05-46_1.webp
OnlyYouSeriesTH_1840628587751510133_2024-09-30 05-43_2.webp,./images/OnlyYouSeriesTH/OnlyYouSeriesTH_1840628587751510133_2024-09-30 05-43_2.webp
OnlyYouSeriesTH_1840628587751510133_2024-09-30 05-43_3.webp,./images/OnlyYouSeriesTH/OnlyYouSeriesTH_1840628587751510133_2024-09-30 05-43_3.webp
OnlyYouSeriesTH_1840677982119354458_2024-09-30 09-00_1.webp,./images/OnlyYouSeriesTH/OnlyYouSeriesTH_1840677982119354458_2024-09-30 09-00_1.webp
OnlyYouSeriesTH_1841000749519814864_2024-10-01 06-22_1.webp,./images/OnlyYouSeriesTH/OnlyYouSeriesTH_1841000749519814864_2024-10-01 06-22_1.webp
OnlyYouSeriesTH_1841000749519814864_2024-10-01 06-22_2.webp,./images/OnlyYouSeriesTH/OnlyYouSeriesTH_1841000749519814864_2024-10-01 06-22_2.webp
OnlyYouSeriesTH_1841389049577386157_2024-10-02 08-05_1.webp,./images/OnlyYouSeriesTH/OnlyYouSeriesTH_1841389049577386157_2024-10-02 08-05_1.webp
OnlyYouSeriesTH_1841389049577386157_2024-10-02 08-05_2.webp,./images/OnlyYouSeriesTH/OnlyYouSeriesTH_1841389049577386157_2024-10-02 08-05_2.webp
OnlyYouSeriesTH_1841389049577386157_2024-10-02 08-05_3.webp,./images/OnlyYouSeriesTH/OnlyYouSeriesTH_1841389049577386157_2024-10-02 08-05_3.webp
OnlyYouSeriesTH_1841756511116394994_2024-10-03 08-25_1.webp,./images/OnlyYouSeriesTH/OnlyYouSeriesTH_1841756511116394994_2024-10-03 08-25_1.webp
OnlyYouSeriesTH_1841756511116394994_2024-10-03 08-25_2.webp,./images/OnlyYouSeriesTH/OnlyYouSeriesTH_1841756511116394994_2024-10-03 08-25_2.webp
OnlyYouSeriesTH_1841756511116394994_2024-10-03 08-25_3.webp,./images/OnlyYouSeriesTH/OnlyYouSeriesTH_1841756511116394994_2024-10-03 08-25_3.webp
OnlyYouSeriesTH_1841833002562920565_2024-10-03 13-29_1.webp,./images/OnlyYouSeriesTH/OnlyYouSeriesTH_1841833002562920565_2024-10-03 13-29_1.webp
OnlyYouSeriesTH_1841833002562920565_2024-10-03 13-29_2.webp,./images/OnlyYouSeriesTH/OnlyYouSeriesTH_1841833002562920565_2024-10-03 13-29_2.webp
OnlyYouSeriesTH_1841833002562920565_2024-10-03 13-29_3.webp,./images/OnlyYouSeriesTH/OnlyYouSeriesTH_1841833002562920565_2024-10-03 13-29_3.webp
OnlyYouSeriesTH_1841833002562920565_2024-10-03 13-29_4.webp,./images/OnlyYouSeriesTH/OnlyYouSeriesTH_1841833002562920565_2024-10-03 13-29_4.webp
OnlyYouSeriesTH_1841843979400446393_2024-10-03 14-13_1.webp,./images/OnlyYouSeriesTH/OnlyYouSeriesTH_1841843979400446393_2024-10-03 14-13_1.webp
OnlyYouSeriesTH_1841843979400446393_2024-10-03 14-13_2.webp,./images/OnlyYouSeriesTH/OnlyYouSeriesTH_1841843979400446393_2024-10-03 14-13_2.webp
OnlyYouSeriesTH_1841846025977516333_2024-10-03 14-21_1.webp,./images/OnlyYouSeriesTH/OnlyYouSeriesTH_1841846025977516333_2024-10-03 14-21_1.webp
OnlyYouSeriesTH_1841846025977516333_2024-10-03 14-21_2.webp,./images/OnlyYouSeriesTH/OnlyYouSeriesTH_1841846025977516333_2024-10-03 14-21_2.webp
OnlyYouSeriesTH_1841864123996635234_2024-10-03 15-33_1.webp,./images/OnlyYouSeriesTH/OnlyYouSeriesTH_1841864123996635234_2024-10-03 15-33_1.webp
OnlyYouSeriesTH_1841864123996635234_2024-10-03 15-33_2.webp,./images/OnlyYouSeriesTH/OnlyYouSeriesTH_1841864123996635234_2024-10-03 15-33_2.webp
OnlyYouSeriesTH_1841864123996635234_2024-10-03 15-33_3.webp,./images/OnlyYouSeriesTH/OnlyYouSeriesTH_1841864123996635234_2024-10-03 15-33_3.webp
OnlyYouSeriesTH_1841873963628298453_2024-10-03 16-12_1.webp,./images/OnlyYouSeriesTH/OnlyYouSeriesTH_1841873963628298453_2024-10-03 16-12_1.webp
OnlyYouSeriesTH_1841873963628298453_2024-10-03 16-12_2.webp,./images/OnlyYouSeriesTH/OnlyYouSeriesTH_1841873963628298453_2024-10-03 16-12_2.webp
OnlyYouSeriesTH_1841875190369943855_2024-10-03 16-17_1.webp,./images/OnlyYouSeriesTH/OnlyYouSeriesTH_1841875190369943855_2024-10-03 16-17_1.webp
OnlyYouSeriesTH_1841875190369943855_2024-10-03 16-17_2.webp,./images/OnlyYouSeriesTH/OnlyYouSeriesTH_1841875190369943855_2024-10-03 16-17_2.webp
OnlyYouSeriesTH_1841875190369943855_2024-10-03 16-17_3.webp,./images/OnlyYouSeriesTH/OnlyYouSeriesTH_1841875190369943855_2024-10-03 16-17_3.webp
OnlyYouSeriesTH_1841876387134902473_2024-10-03 16-22_1.webp,./images/OnlyYouSeriesTH/OnlyYouSeriesTH_1841876387134902473_2024-10-03 16-22_1.webp
OnlyYouSeriesTH_1841876387134902473_2024-10-03 16-22_2.webp,./images/OnlyYouSeriesTH/OnlyYouSeriesTH_1841876387134902473_2024-10-03 16-22_2.webp
OnlyYouSeriesTH_1842370557519770085_2024-10-05 01-05_1.webp,./images/OnlyYouSeriesTH/OnlyYouSeriesTH_1842370557519770085_2024-10-05 01-05_1.webp
OnlyYouSeriesTH_1842783491089649919_2024-10-06 04-26_1.webp,./images/OnlyYouSeriesTH/OnlyYouSeriesTH_1842783491089649919_2024-10-06 04-26_1.webp
OnlyYouSeriesTH_1842853073540259976_2024-10-06 09-03_1.webp,./images/OnlyYouSeriesTH/OnlyYouSeriesTH_1842853073540259976_2024-10-06 09-03_1.webp
OnlyYouSeriesTH_1842853073540259976_2024-10-06 09-03_2.webp,./images/OnlyYouSeriesTH/OnlyYouSeriesTH_1842853073540259976_2024-10-06 09-03_2.webp
OnlyYouSeriesTH_1842853073540259976_2024-10-06 09-03_3.webp,./images/OnlyYouSeriesTH/OnlyYouSeriesTH_1842853073540259976_2024-10-06 09-03_3.webp
OnlyYouSeriesTH_1842903308446380060_2024-10-06 12-22_1.webp,./images/OnlyYouSeriesTH/OnlyYouSeriesTH_1842903308446380060_2024-10-06 12-22_1.webp
OnlyYouSeriesTH_1843640165220397080_2024-10-08 13-10_1.webp,./images/OnlyYouSeriesTH/OnlyYouSeriesTH_1843640165220397080_2024-10-08 13-10_1.webp
OnlyYouSeriesTH_1843640165220397080_2024-10-08 13-10_2.webp,./images/OnlyYouSeriesTH/OnlyYouSeriesTH_1843640165220397080_2024-10-08 13-10_2.webp
OnlyYouSeriesTH_1843640165220397080_2024-10-08 13-10_3.webp,./images/OnlyYouSeriesTH/OnlyYouSeriesTH_1843640165220397080_2024-10-08 13-10_3.webp
OnlyYouSeriesTH_1843642654338494660_2024-10-08 13-20_1.webp,./images/OnlyYouSeriesTH/OnlyYouSeriesTH_1843642654338494660_2024-10-08 13-20_1.webp
OnlyYouSeriesTH_1843642654338494660_2024-10-08 13-20_2.webp,./images/OnlyYouSeriesTH/OnlyYouSeriesTH_1843642654338494660_2024-10-08 13-20_2.webp
OnlyYouSeriesTH_1843642654338494660_2024-10-08 13-20_3.webp,./images/OnlyYouSeriesTH/OnlyYouSeriesTH_1843642654338494660_2024-10-08 13-20_3.webp
OnlyYouSeriesTH_1843643397548228859_2024-10-08 13-23_1.webp,./images/OnlyYouSeriesTH/OnlyYouSeriesTH_1843643397548228859_2024-10-08 13-23_1.webp
OnlyYouSeriesTH_1843643397548228859_2024-10-08 13-23_2.webp,./images/OnlyYouSeriesTH/OnlyYouSeriesTH_1843643397548228859_2024-10-08 13-23_2.webp
OnlyYouSeriesTH_1843643397548228859_2024-10-08 13-23_3.webp,./images/OnlyYouSeriesTH/OnlyYouSeriesTH_1843643397548228859_2024-10-08 13-23_3.webp
OnlyYouSeriesTH_1843644218037940547_2024-10-08 13-26_1.webp,./images/OnlyYouSeriesTH/OnlyYouSeriesTH_1843644218037940547_2024-10-08 13-26_1.webp
OnlyYouSeriesTH_1843644218037940547_2024-10-08 13-26_2.webp,./images/OnlyYouSeriesTH/OnlyYouSeriesTH_1843644218037940547_2024-10-08 13-26_2.webp
OnlyYouSeriesTH_1843645685088039152_2024-10-08 13-32_1.webp,./images/OnlyYouSeriesTH/OnlyYouSeriesTH_1843645685088039152_2024-10-08 13-32_1.webp
OnlyYouSeriesTH_1843645685088039152_2024-10-08 13-32_2.webp,./images/OnlyYouSeriesTH/OnlyYouSeriesTH_1843645685088039152_2024-10-08 13-32_2.webp
OnlyYouSeriesTH_1843646634858881254_2024-10-08 13-36_1.webp,./images/OnlyYouSeriesTH/OnlyYouSeriesTH_1843646634858881254_2024-10-08 13-36_1.webp
OnlyYouSeriesTH_1843646634858881254_2024-10-08 13-36_2.webp,./images/OnlyYouSeriesTH/OnlyYouSeriesTH_1843646634858881254_2024-10-08 13-36_2.webp
OnlyYouSeriesTH_1843646634858881254_2024-10-08 13-36_3.webp,./images/OnlyYouSeriesTH/OnlyYouSeriesTH_1843646634858881254_2024-10-08 13-36_3.webp
OnlyYouSeriesTH_1843658075871572007_2024-10-08 14-21_1.webp,./images/OnlyYouSeriesTH/OnlyYouSeriesTH_1843658075871572007_2024-10-08 14-21_1.webp
OnlyYouSeriesTH_1843658075871572007_2024-10-08 14-21_2.webp,./images/OnlyYouSeriesTH/OnlyYouSeriesTH_1843658075871572007_2024-10-08 14-21_2.webp
OnlyYouSeriesTH_1843658075871572007_2024-10-08 14-21_3.webp,./images/OnlyYouSeriesTH/OnlyYouSeriesTH_1843658075871572007_2024-10-08 14-21_3.webp
OnlyYouSeriesTH_1843660941919215725_2024-10-08 14-33_1.webp,./images/OnlyYouSeriesTH/OnlyYouSeriesTH_1843660941919215725_2024-10-08 14-33_1.webp
OnlyYouSeriesTH_1843660941919215725_2024-10-08 14-33_2.webp,./images/OnlyYouSeriesTH/OnlyYouSeriesTH_1843660941919215725_2024-10-08 14-33_2.webp
OnlyYouSeriesTH_1843660941919215725_2024-10-08 14-33_3.webp,./images/OnlyYouSeriesTH/OnlyYouSeriesTH_1843660941919215725_2024-10-08 14-33_3.webp
OnlyYouSeriesTH_1843663088220025023_2024-10-08 14-41_1.webp,./images/OnlyYouSeriesTH/OnlyYouSeriesTH_1843663088220025023_2024-10-08 14-41_1.webp
OnlyYouSeriesTH_1843663088220025023_2024-10-08 14-41_2.webp,./images/OnlyYouSeriesTH/OnlyYouSeriesTH_1843663088220025023_2024-10-08 14-41_2.webp
OnlyYouSeriesTH_1843663088220025023_2024-10-08 14-41_3.webp,./images/OnlyYouSeriesTH/OnlyYouSeriesTH_1843663088220025023_2024-10-08 14-41_3.webp
OnlyYouSeriesTH_1843666613347987670_2024-10-08 14-55_1.webp,./images/OnlyYouSeriesTH/OnlyYouSeriesTH_1843666613347987670_2024-10-08 14-55_1.webp
OnlyYouSeriesTH_1843666613347987670_2024-10-08 14-55_2.webp,./images/OnlyYouSeriesTH/OnlyYouSeriesTH_1843666613347987670_2024-10-08 14-55_2.webp
OnlyYouSeriesTH_1843666613347987670_2024-10-08 14-55_3.webp,./images/OnlyYouSeriesTH/OnlyYouSeriesTH_1843666613347987670_2024-10-08 14-55_3.webp
OnlyYouSeriesTH_1843671958053060725_2024-10-08 15-17_1.webp,./images/OnlyYouSeriesTH/OnlyYouSeriesTH_1843671958053060725_2024-10-08 15-17_1.webp
OnlyYouSeriesTH_1843671958053060725_2024-10-08 15-17_2.webp,./images/OnlyYouSeriesTH/OnlyYouSeriesTH_1843671958053060725_2024-10-08 15-17_2.webp
OnlyYouSeriesTH_1843671958053060725_2024-10-08 15-17_3.webp,./images/OnlyYouSeriesTH/OnlyYouSeriesTH_1843671958053060725_2024-10-08 15-17_3.webp
OnlyYouSeriesTH_1843671958053060725_2024-10-08 15-17_4.webp,./images/OnlyYouSeriesTH/OnlyYouSeriesTH_1843671958053060725_2024-10-08 15-17_4.webp
OnlyYouSeriesTH_1843673113311265074_2024-10-08 15-21_1.webp,./images/OnlyYouSeriesTH/OnlyYouSeriesTH_1843673113311265074_2024-10-08 15-21_1.webp
OnlyYouSeriesTH_1843673113311265074_2024-10-08 15-21_2.webp,./images/OnlyYouSeriesTH/OnlyYouSeriesTH_1843673113311265074_2024-10-08 15-21_2.webp
OnlyYouSeriesTH_1843673113311265074_2024-10-08 15-21_3.webp,./images/OnlyYouSeriesTH/OnlyYouSeriesTH_1843673113311265074_2024-10-08 15-21_3.webp
OnlyYouSeriesTH_1843673113311265074_2024-10-08 15-21_4.webp,./images/OnlyYouSeriesTH/OnlyYouSeriesTH_1843673113311265074_2024-10-08 15-21_4.webp
OnlyYouSeriesTH_1843676059503669718_2024-10-08 15-33_1.webp,./images/OnlyYouSeriesTH/OnlyYouSeriesTH_1843676059503669718_2024-10-08 15-33_1.webp
OnlyYouSeriesTH_1843676059503669718_2024-10-08 15-33_2.webp,./images/OnlyYouSeriesTH/OnlyYouSeriesTH_1843676059503669718_2024-10-08 15-33_2.webp
OnlyYouSeriesTH_1843676059503669718_2024-10-08 15-33_3.webp,./images/OnlyYouSeriesTH/OnlyYouSeriesTH_1843676059503669718_2024-10-08 15-33_3.webp
OnlyYouSeriesTH_1843680184513507815_2024-10-08 15-49_1.webp,./images/OnlyYouSeriesTH/OnlyYouSeriesTH_1843680184513507815_2024-10-08 15-49_1.webp
OnlyYouSeriesTH_1843680184513507815_2024-10-08 15-49_2.webp,./images/OnlyYouSeriesTH/OnlyYouSeriesTH_1843680184513507815_2024-10-08 15-49_2.webp
OnlyYouSeriesTH_1843680184513507815_2024-10-08 15-49_3.webp,./images/OnlyYouSeriesTH/OnlyYouSeriesTH_1843680184513507815_2024-10-08 15-49_3.webp
OnlyYouSeriesTH_1843680184513507815_2024-10-08 15-49_4.webp,./images/OnlyYouSeriesTH/OnlyYouSeriesTH_1843680184513507815_2024-10-08 15-49_4.webp
OnlyYouSeriesTH_1843681807310721131_2024-10-08 15-56_1.webp,./images/OnlyYouSeriesTH/OnlyYouSeriesTH_1843681807310721131_2024-10-08 15-56_1.webp
OnlyYouSeriesTH_1843681807310721131_2024-10-08 15-56_2.webp,./images/OnlyYouSeriesTH/OnlyYouSeriesTH_1843681807310721131_2024-10-08 15-56_2.webp
OnlyYouSeriesTH_1843681807310721131_2024-10-08 15-56_3.webp,./images/OnlyYouSeriesTH/OnlyYouSeriesTH_1843681807310721131_2024-10-08 15-56_3.webp
OnlyYouSeriesTH_1843681807310721131_2024-10-08 15-56_4.webp,./images/OnlyYouSeriesTH/OnlyYouSeriesTH_1843681807310721131_2024-10-08 15-56_4.webp
OnlyYouSeriesTH_1843683835273457737_2024-10-08 16-04_1.webp,./images/OnlyYouSeriesTH/OnlyYouSeriesTH_1843683835273457737_2024-10-08 16-04_1.webp
OnlyYouSeriesTH_1843683835273457737_2024-10-08 16-04_2.webp,./images/OnlyYouSeriesTH/OnlyYouSeriesTH_1843683835273457737_2024-10-08 16-04_2.webp
OnlyYouSeriesTH_1843683835273457737_2024-10-08 16-04_3.webp,./images/OnlyYouSeriesTH/OnlyYouSeriesTH_1843683835273457737_2024-10-08 16-04_3.webp
OnlyYouSeriesTH_1844690557857333516_2024-10-11 10-44_1.webp,./images/OnlyYouSeriesTH/OnlyYouSeriesTH_1844690557857333516_2024-10-11 10-44_1.webp
OnlyYouSeriesTH_1844690557857333516_2024-10-11 10-44_2.webp,./images/OnlyYouSeriesTH/OnlyYouSeriesTH_1844690557857333516_2024-10-11 10-44_2.webp
OnlyYouSeriesTH_1844690557857333516_2024-10-11 10-44_3.webp,./images/OnlyYouSeriesTH/OnlyYouSeriesTH_1844690557857333516_2024-10-11 10-44_3.webp
OnlyYouSeriesTH_1844690557857333516_2024-10-11 10-44_4.webp,./images/OnlyYouSeriesTH/OnlyYouSeriesTH_1844690557857333516_2024-10-11 10-44_4.webp
OnlyYouSeriesTH_1844713743680209266_2024-10-11 12-16_1.webp,./images/OnlyYouSeriesTH/OnlyYouSeriesTH_1844713743680209266_2024-10-11 12-16_1.webp
OnlyYouSeriesTH_1844713743680209266_2024-10-11 12-16_2.webp,./images/OnlyYouSeriesTH/OnlyYouSeriesTH_1844713743680209266_2024-10-11 12-16_2.webp
OnlyYouSeriesTH_1844717186042024311_2024-10-11 12-30_1.webp,./images/OnlyYouSeriesTH/OnlyYouSeriesTH_1844717186042024311_2024-10-11 12-30_1.webp
OnlyYouSeriesTH_1844717186042024311_2024-10-11 12-30_2.webp,./images/OnlyYouSeriesTH/OnlyYouSeriesTH_1844717186042024311_2024-10-11 12-30_2.webp
OnlyYouSeriesTH_1844722913712418924_2024-10-11 12-53_1.webp,./images/OnlyYouSeriesTH/OnlyYouSeriesTH_1844722913712418924_2024-10-11 12-53_1.webp
OnlyYouSeriesTH_1844722913712418924_2024-10-11 12-53_2.webp,./images/OnlyYouSeriesTH/OnlyYouSeriesTH_1844722913712418924_2024-10-11 12-53_2.webp
OnlyYouSeriesTH_1844724574426120218_2024-10-11 12-59_1.webp,./images/OnlyYouSeriesTH/OnlyYouSeriesTH_1844724574426120218_2024-10-11 12-59_1.webp
OnlyYouSeriesTH_1844724574426120218_2024-10-11 12-59_2.webp,./images/OnlyYouSeriesTH/OnlyYouSeriesTH_1844724574426120218_2024-10-11 12-59_2.webp
OnlyYouSeriesTH_1844734222105452979_2024-10-11 13-38_1.webp,./images/OnlyYouSeriesTH/OnlyYouSeriesTH_1844734222105452979_2024-10-11 13-38_1.webp
OnlyYouSeriesTH_1844734222105452979_2024-10-11 13-38_2.webp,./images/OnlyYouSeriesTH/OnlyYouSeriesTH_1844734222105452979_2024-10-11 13-38_2.webp
OnlyYouSeriesTH_1844736347497460072_2024-10-11 13-46_1.webp,./images/OnlyYouSeriesTH/OnlyYouSeriesTH_1844736347497460072_2024-10-11 13-46_1.webp
OnlyYouSeriesTH_1844736347497460072_2024-10-11 13-46_2.webp,./images/OnlyYouSeriesTH/OnlyYouSeriesTH_1844736347497460072_2024-10-11 13-46_2.webp
OnlyYouSeriesTH_1844736347497460072_2024-10-11 13-46_3.webp,./images/OnlyYouSeriesTH/OnlyYouSeriesTH_1844736347497460072_2024-10-11 13-46_3.webp
OnlyYouSeriesTH_1844738449846468859_2024-10-11 13-54_1.webp,./images/OnlyYouSeriesTH/OnlyYouSeriesTH_1844738449846468859_2024-10-11 13-54_1.webp
OnlyYouSeriesTH_1844738449846468859_2024-10-11 13-54_2.webp,./images/OnlyYouSeriesTH/OnlyYouSeriesTH_1844738449846468859_2024-10-11 13-54_2.webp
OnlyYouSeriesTH_1844972824856789327_2024-10-12 05-26_1.webp,./images/OnlyYouSeriesTH/OnlyYouSeriesTH_1844972824856789327_2024-10-12 05-26_1.webp
OnlyYouSeriesTH_1844972824856789327_2024-10-12 05-26_2.webp,./images/OnlyYouSeriesTH/OnlyYouSeriesTH_1844972824856789327_2024-10-12 05-26_2.webp
OnlyYouSeriesTH_1844972824856789327_2024-10-12 05-26_3.webp,./images/OnlyYouSeriesTH/OnlyYouSeriesTH_1844972824856789327_2024-10-12 05-26_3.webp
OnlyYouSeriesTH_1844972824856789327_2024-10-12 05-26_4.webp,./images/OnlyYouSeriesTH/OnlyYouSeriesTH_1844972824856789327_2024-10-12 05-26_4.webp
OnlyYouSeriesTH_1845076212215140729_2024-10-12 12-17_1.webp,./images/OnlyYouSeriesTH/OnlyYouSeriesTH_1845076212215140729_2024-10-12 12-17_1.webp
OnlyYouSeriesTH_1845076212215140729_2024-10-12 12-17_2.webp,./images/OnlyYouSeriesTH/OnlyYouSeriesTH_1845076212215140729_2024-10-12 12-17_2.webp
OnlyYouSeriesTH_1845076212215140729_2024-10-12 12-17_3.webp,./images/OnlyYouSeriesTH/OnlyYouSeriesTH_1845076212215140729_2024-10-12 12-17_3.webp
OnlyYouSeriesTH_1845077652803293646_2024-10-12 12-22_1.webp,./images/OnlyYouSeriesTH/OnlyYouSeriesTH_1845077652803293646_2024-10-12 12-22_1.webp
OnlyYouSeriesTH_1845077652803293646_2024-10-12 12-22_2.webp,./images/OnlyYouSeriesTH/OnlyYouSeriesTH_1845077652803293646_2024-10-12 12-22_2.webp
OnlyYouSeriesTH_1845077652803293646_2024-10-12 12-22_3.webp,./images/OnlyYouSeriesTH/OnlyYouSeriesTH_1845077652803293646_2024-10-12 12-22_3.webp
OnlyYouSeriesTH_1845077652803293646_2024-10-12 12-22_4.webp,./images/OnlyYouSeriesTH/OnlyYouSeriesTH_1845077652803293646_2024-10-12 12-22_4.webp
OnlyYouSeriesTH_1845079060579258476_2024-10-12 12-28_1.webp,./images/OnlyYouSeriesTH/OnlyYouSeriesTH_1845079060579258476_2024-10-12 12-28_1.webp
OnlyYouSeriesTH_1845079060579258476_2024-10-12 12-28_2.webp,./images/OnlyYouSeriesTH/OnlyYouSeriesTH_1845079060579258476_2024-10-12 12-28_2.webp
OnlyYouSeriesTH_1845079060579258476_2024-10-12 12-28_3.webp,./images/OnlyYouSeriesTH/OnlyYouSeriesTH_1845079060579258476_2024-10-12 12-28_3.webp
OnlyYouSeriesTH_1845080458754732470_2024-10-12 12-33_1.webp,./images/OnlyYouSeriesTH/OnlyYouSeriesTH_1845080458754732470_2024-10-12 12-33_1.webp
OnlyYouSeriesTH_1845080458754732470_2024-10-12 12-33_2.webp,./images/OnlyYouSeriesTH/OnlyYouSeriesTH_1845080458754732470_2024-10-12 12-33_2.webp
OnlyYouSeriesTH_1845080458754732470_2024-10-12 12-33_3.webp,./images/OnlyYouSeriesTH/OnlyYouSeriesTH_1845080458754732470_2024-10-12 12-33_3.webp
OnlyYouSeriesTH_1845080458754732470_2024-10-12 12-33_4.webp,./images/OnlyYouSeriesTH/OnlyYouSeriesTH_1845080458754732470_2024-10-12 12-33_4.webp
OnlyYouSeriesTH_1845082171662532844_2024-10-12 12-40_1.webp,./images/OnlyYouSeriesTH/OnlyYouSeriesTH_1845082171662532844_2024-10-12 12-40_1.webp
OnlyYouSeriesTH_1845082171662532844_2024-10-12 12-40_2.webp,./images/OnlyYouSeriesTH/OnlyYouSeriesTH_1845082171662532844_2024-10-12 12-40_2.webp
OnlyYouSeriesTH_1845082171662532844_2024-10-12 12-40_3.webp,./images/OnlyYouSeriesTH/OnlyYouSeriesTH_1845082171662532844_2024-10-12 12-40_3.webp
OnlyYouSeriesTH_1845082171662532844_2024-10-12 12-40_4.webp,./images/OnlyYouSeriesTH/OnlyYouSeriesTH_1845082171662532844_2024-10-12 12-40_4.webp
OnlyYouSeriesTH_1845086509957095848_2024-10-12 12-57_1.webp,./images/OnlyYouSeriesTH/OnlyYouSeriesTH_1845086509957095848_2024-10-12 12-57_1.webp
OnlyYouSeriesTH_1845086509957095848_2024-10-12 12-57_2.webp,./images/OnlyYouSeriesTH/OnlyYouSeriesTH_1845086509957095848_2024-10-12 12-57_2.webp
OnlyYouSeriesTH_1845091920562757695_2024-10-12 13-19_1.webp,./images/OnlyYouSeriesTH/OnlyYouSeriesTH_1845091920562757695_2024-10-12 13-19_1.webp
OnlyYouSeriesTH_1845091920562757695_2024-10-12 13-19_2.webp,./images/OnlyYouSeriesTH/OnlyYouSeriesTH_1845091920562757695_2024-10-12 13-19_2.webp
OnlyYouSeriesTH_1845091920562757695_2024-10-12 13-19_3.webp,./images/OnlyYouSeriesTH/OnlyYouSeriesTH_1845091920562757695_2024-10-12 13-19_3.webp
OnlyYouSeriesTH_1845093349155328256_2024-10-12 13-25_1.webp,./images/OnlyYouSeriesTH/OnlyYouSeriesTH_1845093349155328256_2024-10-12 13-25_1.webp
OnlyYouSeriesTH_1845093349155328256_2024-10-12 13-25_2.webp,./images/OnlyYouSeriesTH/OnlyYouSeriesTH_1845093349155328256_2024-10-12 13-25_2.webp
OnlyYouSeriesTH_1845096523690016884_2024-10-12 13-37_1.webp,./images/OnlyYouSeriesTH/OnlyYouSeriesTH_1845096523690016884_2024-10-12 13-37_1.webp
OnlyYouSeriesTH_1845096523690016884_2024-10-12 13-37_2.webp,./images/OnlyYouSeriesTH/OnlyYouSeriesTH_1845096523690016884_2024-10-12 13-37_2.webp
OnlyYouSeriesTH_1845096523690016884_2024-10-12 13-37_3.webp,./images/OnlyYouSeriesTH/OnlyYouSeriesTH_1845096523690016884_2024-10-12 13-37_3.webp
OnlyYouSeriesTH_1845098830519468539_2024-10-12 13-46_1.webp,./images/OnlyYouSeriesTH/OnlyYouSeriesTH_1845098830519468539_2024-10-12 13-46_1.webp
OnlyYouSeriesTH_1845098830519468539_2024-10-12 13-46_2.webp,./images/OnlyYouSeriesTH/OnlyYouSeriesTH_1845098830519468539_2024-10-12 13-46_2.webp
OnlyYouSeriesTH_1845098830519468539_2024-10-12 13-46_3.webp,./images/OnlyYouSeriesTH/OnlyYouSeriesTH_1845098830519468539_2024-10-12 13-46_3.webp
OnlyYouSeriesTH_1845102513273569424_2024-10-12 14-01_1.webp,./images/OnlyYouSeriesTH/OnlyYouSeriesTH_1845102513273569424_2024-10-12 14-01_1.webp
OnlyYouSeriesTH_1845102513273569424_2024-10-12 14-01_2.webp,./images/OnlyYouSeriesTH/OnlyYouSeriesTH_1845102513273569424_2024-10-12 14-01_2.webp
OnlyYouSeriesTH_1845102513273569424_2024-10-12 14-01_3.webp,./images/OnlyYouSeriesTH/OnlyYouSeriesTH_1845102513273569424_2024-10-12 14-01_3.webp
OnlyYouSeriesTH_1845102513273569424_2024-10-12 14-01_4.webp,./images/OnlyYouSeriesTH/OnlyYouSeriesTH_1845102513273569424_2024-10-12 14-01_4.webp
OnlyYouSeriesTH_1845102832485269553_2024-10-12 14-02_1.webp,./images/OnlyYouSeriesTH/OnlyYouSeriesTH_1845102832485269553_2024-10-12 14-02_1.webp
OnlyYouSeriesTH_1845102832485269553_2024-10-12 14-02_2.webp,./images/OnlyYouSeriesTH/OnlyYouSeriesTH_1845102832485269553_2024-10-12 14-02_2.webp
OnlyYouSeriesTH_1845102832485269553_2024-10-12 14-02_3.webp,./images/OnlyYouSeriesTH/OnlyYouSeriesTH_1845102832485269553_2024-10-12 14-02_3.webp
OnlyYouSeriesTH_1845105362346836366_2024-10-12 14-12_1.webp,./images/OnlyYouSeriesTH/OnlyYouSeriesTH_1845105362346836366_2024-10-12 14-12_1.webp
OnlyYouSeriesTH_1845105362346836366_2024-10-12 14-12_2.webp,./images/OnlyYouSeriesTH/OnlyYouSeriesTH_1845105362346836366_2024-10-12 14-12_2.webp
OnlyYouSeriesTH_1845105362346836366_2024-10-12 14-12_3.webp,./images/OnlyYouSeriesTH/OnlyYouSeriesTH_1845105362346836366_2024-10-12 14-12_3.webp
OnlyYouSeriesTH_1845105362346836366_2024-10-12 14-12_4.webp,./images/OnlyYouSeriesTH/OnlyYouSeriesTH_1845105362346836366_2024-10-12 14-12_4.webp
OnlyYouSeriesTH_1845106264025727179_2024-10-12 14-16_1.webp,./images/OnlyYouSeriesTH/OnlyYouSeriesTH_1845106264025727179_2024-10-12 14-16_1.webp
OnlyYouSeriesTH_1845106264025727179_2024-10-12 14-16_2.webp,./images/OnlyYouSeriesTH/OnlyYouSeriesTH_1845106264025727179_2024-10-12 14-16_2.webp
OnlyYouSeriesTH_1845106264025727179_2024-10-12 14-16_3.webp,./images/OnlyYouSeriesTH/OnlyYouSeriesTH_1845106264025727179_2024-10-12 14-16_3.webp
OnlyYouSeriesTH_1845323338002071835_2024-10-13 04-39_1.webp,./images/OnlyYouSeriesTH/OnlyYouSeriesTH_1845323338002071835_2024-10-13 04-39_1.webp
OnlyYouSeriesTH_1845323338002071835_2024-10-13 04-39_2.webp,./images/OnlyYouSeriesTH/OnlyYouSeriesTH_1845323338002071835_2024-10-13 04-39_2.webp
OnlyYouSeriesTH_1845341842436685866_2024-10-13 05-52_1.webp,./images/OnlyYouSeriesTH/OnlyYouSeriesTH_1845341842436685866_2024-10-13 05-52_1.webp
OnlyYouSeriesTH_1845341842436685866_2024-10-13 05-52_2.webp,./images/OnlyYouSeriesTH/OnlyYouSeriesTH_1845341842436685866_2024-10-13 05-52_2.webp
OnlyYouSeriesTH_1845656167953109206_2024-10-14 02-41_1.webp,./images/OnlyYouSeriesTH/OnlyYouSeriesTH_1845656167953109206_2024-10-14 02-41_1.webp
OnlyYouSeriesTH_1845656167953109206_2024-10-14 02-41_2.webp,./images/OnlyYouSeriesTH/OnlyYouSeriesTH_1845656167953109206_2024-10-14 02-41_2.webp
OnlyYouSeriesTH_1845680912090255706_2024-10-14 04-19_1.webp,./images/OnlyYouSeriesTH/OnlyYouSeriesTH_1845680912090255706_2024-10-14 04-19_1.webp
OnlyYouSeriesTH_1845680912090255706_2024-10-14 04-19_2.webp,./images/OnlyYouSeriesTH/OnlyYouSeriesTH_1845680912090255706_2024-10-14 04-19_2.webp
OnlyYouSeriesTH_1847130466652209630_2024-10-18 04-19_1.webp,./images/OnlyYouSeriesTH/OnlyYouSeriesTH_1847130466652209630_2024-10-18 04-19_1.webp
OnlyYouSeriesTH_1847130466652209630_2024-10-18 04-19_2.webp,./images/OnlyYouSeriesTH/OnlyYouSeriesTH_1847130466652209630_2024-10-18 04-19_2.webp
OnlyYouSeriesTH_1847130466652209630_2024-10-18 04-19_3.webp,./images/OnlyYouSeriesTH/OnlyYouSeriesTH_1847130466652209630_2024-10-18 04-19_3.webp
OnlyYouSeriesTH_1847162240363122741_2024-10-18 06-26_1.webp,./images/OnlyYouSeriesTH/OnlyYouSeriesTH_1847162240363122741_2024-10-18 06-26_1.webp
OnlyYouSeriesTH_1847162240363122741_2024-10-18 06-26_2.webp,./images/OnlyYouSeriesTH/OnlyYouSeriesTH_1847162240363122741_2024-10-18 06-26_2.webp
OnlyYouSeriesTH_1847162240363122741_2024-10-18 06-26_3.webp,./images/OnlyYouSeriesTH/OnlyYouSeriesTH_1847162240363122741_2024-10-18 06-26_3.webp
OnlyYouSeriesTH_1848232613145944162_2024-10-21 05-19_1.webp,./images/OnlyYouSeriesTH/OnlyYouSeriesTH_1848232613145944162_2024-10-21 05-19_1.webp
OnlyYouSeriesTH_1848232613145944162_2024-10-21 05-19_2.webp,./images/OnlyYouSeriesTH/OnlyYouSeriesTH_1848232613145944162_2024-10-21 05-19_2.webp
OnlyYouSeriesTH_1849061562163810739_2024-10-23 12-13_1.webp,./images/OnlyYouSeriesTH/OnlyYouSeriesTH_1849061562163810739_2024-10-23 12-13_1.webp
OnlyYouSeriesTH_1849061562163810739_2024-10-23 12-13_2.webp,./images/OnlyYouSeriesTH/OnlyYouSeriesTH_1849061562163810739_2024-10-23 12-13_2.webp
OnlyYouSeriesTH_1849061562163810739_2024-10-23 12-13_3.webp,./images/OnlyYouSeriesTH/OnlyYouSeriesTH_1849061562163810739_2024-10-23 12-13_3.webp
OnlyYouSeriesTH_1849061562163810739_2024-10-23 12-13_4.webp,./images/OnlyYouSeriesTH/OnlyYouSeriesTH_1849061562163810739_2024-10-23 12-13_4.webp
OnlyYouSeriesTH_1849063154564878687_2024-10-23 12-19_1.webp,./images/OnlyYouSeriesTH/OnlyYouSeriesTH_1849063154564878687_2024-10-23 12-19_1.webp
OnlyYouSeriesTH_1849063154564878687_2024-10-23 12-19_2.webp,./images/OnlyYouSeriesTH/OnlyYouSeriesTH_1849063154564878687_2024-10-23 12-19_2.webp
OnlyYouSeriesTH_1849063154564878687_2024-10-23 12-19_3.webp,./images/OnlyYouSeriesTH/OnlyYouSeriesTH_1849063154564878687_2024-10-23 12-19_3.webp
OnlyYouSeriesTH_1849064314122215766_2024-10-23 12-24_1.webp,./images/OnlyYouSeriesTH/OnlyYouSeriesTH_1849064314122215766_2024-10-23 12-24_1.webp
OnlyYouSeriesTH_1849064314122215766_2024-10-23 12-24_2.webp,./images/OnlyYouSeriesTH/OnlyYouSeriesTH_1849064314122215766_2024-10-23 12-24_2.webp
OnlyYouSeriesTH_1849064314122215766_2024-10-23 12-24_3.webp,./images/OnlyYouSeriesTH/OnlyYouSeriesTH_1849064314122215766_2024-10-23 12-24_3.webp
OnlyYouSeriesTH_1849065717003686278_2024-10-23 12-29_1.webp,./images/OnlyYouSeriesTH/OnlyYouSeriesTH_1849065717003686278_2024-10-23 12-29_1.webp
OnlyYouSeriesTH_1849065717003686278_2024-10-23 12-29_2.webp,./images/OnlyYouSeriesTH/OnlyYouSeriesTH_1849065717003686278_2024-10-23 12-29_2.webp
OnlyYouSeriesTH_1849066496439570565_2024-10-23 12-33_1.webp,./images/OnlyYouSeriesTH/OnlyYouSeriesTH_1849066496439570565_2024-10-23 12-33_1.webp
OnlyYouSeriesTH_1849066496439570565_2024-10-23 12-33_2.webp,./images/OnlyYouSeriesTH/OnlyYouSeriesTH_1849066496439570565_2024-10-23 12-33_2.webp
OnlyYouSeriesTH_1849067171319799984_2024-10-23 12-35_1.webp,./images/OnlyYouSeriesTH/OnlyYouSeriesTH_1849067171319799984_2024-10-23 12-35_1.webp
OnlyYouSeriesTH_1849067171319799984_2024-10-23 12-35_2.webp,./images/OnlyYouSeriesTH/OnlyYouSeriesTH_1849067171319799984_2024-10-23 12-35_2.webp
OnlyYouSeriesTH_1849068861859283307_2024-10-23 12-42_1.webp,./images/OnlyYouSeriesTH/OnlyYouSeriesTH_1849068861859283307_2024-10-23 12-42_1.webp
OnlyYouSeriesTH_1849068861859283307_2024-10-23 12-42_2.webp,./images/OnlyYouSeriesTH/OnlyYouSeriesTH_1849068861859283307_2024-10-23 12-42_2.webp
OnlyYouSeriesTH_1849068861859283307_2024-10-23 12-42_3.webp,./images/OnlyYouSeriesTH/OnlyYouSeriesTH_1849068861859283307_2024-10-23 12-42_3.webp
OnlyYouSeriesTH_1849070712579149989_2024-10-23 12-49_1.webp,./images/OnlyYouSeriesTH/OnlyYouSeriesTH_1849070712579149989_2024-10-23 12-49_1.webp
OnlyYouSeriesTH_1849070712579149989_2024-10-23 12-49_2.webp,./images/OnlyYouSeriesTH/OnlyYouSeriesTH_1849070712579149989_2024-10-23 12-49_2.webp
OnlyYouSeriesTH_1849070712579149989_2024-10-23 12-49_3.webp,./images/OnlyYouSeriesTH/OnlyYouSeriesTH_1849070712579149989_2024-10-23 12-49_3.webp
OnlyYouSeriesTH_1849071935596171391_2024-10-23 12-54_1.webp,./images/OnlyYouSeriesTH/OnlyYouSeriesTH_1849071935596171391_2024-10-23 12-54_1.webp
OnlyYouSeriesTH_1849071935596171391_2024-10-23 12-54_2.webp,./images/OnlyYouSeriesTH/OnlyYouSeriesTH_1849071935596171391_2024-10-23 12-54_2.webp
OnlyYouSeriesTH_1849071935596171391_2024-10-23 12-54_3.webp,./images/OnlyYouSeriesTH/OnlyYouSeriesTH_1849071935596171391_2024-10-23 12-54_3.webp
OnlyYouSeriesTH_1849071935596171391_2024-10-23 12-54_4.webp,./images/OnlyYouSeriesTH/OnlyYouSeriesTH_1849071935596171391_2024-10-23 12-54_4.webp
OnlyYouSeriesTH_1849108886957277508_2024-10-23 15-21_1.webp,./images/OnlyYouSeriesTH/OnlyYouSeriesTH_1849108886957277508_2024-10-23 15-21_1.webp
OnlyYouSeriesTH_1849108886957277508_2024-10-23 15-21_2.webp,./images/OnlyYouSeriesTH/OnlyYouSeriesTH_1849108886957277508_2024-10-23 15-21_2.webp
OnlyYouSeriesTH_1849108886957277508_2024-10-23 15-21_3.webp,./images/OnlyYouSeriesTH/OnlyYouSeriesTH_1849108886957277508_2024-10-23 15-21_3.webp
OnlyYouSeriesTH_1849108886957277508_2024-10-23 15-21_4.webp,./images/OnlyYouSeriesTH/OnlyYouSeriesTH_1849108886957277508_2024-10-23 15-21_4.webp
OnlyYouSeriesTH_1849110219386913087_2024-10-23 15-26_1.webp,./images/OnlyYouSeriesTH/OnlyYouSeriesTH_1849110219386913087_2024-10-23 15-26_1.webp
OnlyYouSeriesTH_1849110219386913087_2024-10-23 15-26_2.webp,./images/OnlyYouSeriesTH/OnlyYouSeriesTH_1849110219386913087_2024-10-23 15-26_2.webp
OnlyYouSeriesTH_1849110219386913087_2024-10-23 15-26_3.webp,./images/OnlyYouSeriesTH/OnlyYouSeriesTH_1849110219386913087_2024-10-23 15-26_3.webp
OnlyYouSeriesTH_1849110219386913087_2024-10-23 15-26_4.webp,./images/OnlyYouSeriesTH/OnlyYouSeriesTH_1849110219386913087_2024-10-23 15-26_4.webp
OnlyYouSeriesTH_1849111048256905664_2024-10-23 15-30_1.webp,./images/OnlyYouSeriesTH/OnlyYouSeriesTH_1849111048256905664_2024-10-23 15-30_1.webp
OnlyYouSeriesTH_1849111048256905664_2024-10-23 15-30_2.webp,./images/OnlyYouSeriesTH/OnlyYouSeriesTH_1849111048256905664_2024-10-23 15-30_2.webp
OnlyYouSeriesTH_1849111048256905664_2024-10-23 15-30_3.webp,./images/OnlyYouSeriesTH/OnlyYouSeriesTH_1849111048256905664_2024-10-23 15-30_3.webp
OnlyYouSeriesTH_1849112295370334389_2024-10-23 15-35_1.webp,./images/OnlyYouSeriesTH/OnlyYouSeriesTH_1849112295370334389_2024-10-23 15-35_1.webp
OnlyYouSeriesTH_1849112295370334389_2024-10-23 15-35_2.webp,./images/OnlyYouSeriesTH/OnlyYouSeriesTH_1849112295370334389_2024-10-23 15-35_2.webp
OnlyYouSeriesTH_1849112295370334389_2024-10-23 15-35_3.webp,./images/OnlyYouSeriesTH/OnlyYouSeriesTH_1849112295370334389_2024-10-23 15-35_3.webp
OnlyYouSeriesTH_1849112295370334389_2024-10-23 15-35_4.webp,./images/OnlyYouSeriesTH/OnlyYouSeriesTH_1849112295370334389_2024-10-23 15-35_4.webp
OnlyYouSeriesTH_1849114064187977793_2024-10-23 15-42_1.webp,./images/OnlyYouSeriesTH/OnlyYouSeriesTH_1849114064187977793_2024-10-23 15-42_1.webp
OnlyYouSeriesTH_1849114064187977793_2024-10-23 15-42_2.webp,./images/OnlyYouSeriesTH/OnlyYouSeriesTH_1849114064187977793_2024-10-23 15-42_2.webp
OnlyYouSeriesTH_1849114064187977793_2024-10-23 15-42_3.webp,./images/OnlyYouSeriesTH/OnlyYouSeriesTH_1849114064187977793_2024-10-23 15-42_3.webp
OnlyYouSeriesTH_1849114064187977793_2024-10-23 15-42_4.webp,./images/OnlyYouSeriesTH/OnlyYouSeriesTH_1849114064187977793_2024-10-23 15-42_4.webp
OnlyYouSeriesTH_1849115747664146504_2024-10-23 15-48_1.webp,./images/OnlyYouSeriesTH/OnlyYouSeriesTH_1849115747664146504_2024-10-23 15-48_1.webp
OnlyYouSeriesTH_1849115747664146504_2024-10-23 15-48_2.webp,./images/OnlyYouSeriesTH/OnlyYouSeriesTH_1849115747664146504_2024-10-23 15-48_2.webp
OnlyYouSeriesTH_1849115747664146504_2024-10-23 15-48_3.webp,./images/OnlyYouSeriesTH/OnlyYouSeriesTH_1849115747664146504_2024-10-23 15-48_3.webp
OnlyYouSeriesTH_1849115747664146504_2024-10-23 15-48_4.webp,./images/OnlyYouSeriesTH/OnlyYouSeriesTH_1849115747664146504_2024-10-23 15-48_4.webp
OnlyYouSeriesTH_1849116733631824088_2024-10-23 15-52_1.webp,./images/OnlyYouSeriesTH/OnlyYouSeriesTH_1849116733631824088_2024-10-23 15-52_1.webp
OnlyYouSeriesTH_1849116733631824088_2024-10-23 15-52_2.webp,./images/OnlyYouSeriesTH/OnlyYouSeriesTH_1849116733631824088_2024-10-23 15-52_2.webp
OnlyYouSeriesTH_1849116733631824088_2024-10-23 15-52_3.webp,./images/OnlyYouSeriesTH/OnlyYouSeriesTH_1849116733631824088_2024-10-23 15-52_3.webp
OnlyYouSeriesTH_1849116733631824088_2024-10-23 15-52_4.webp,./images/OnlyYouSeriesTH/OnlyYouSeriesTH_1849116733631824088_2024-10-23 15-52_4.webp
OnlyYouSeriesTH_1849117730714296418_2024-10-23 15-56_1.webp,./images/OnlyYouSeriesTH/OnlyYouSeriesTH_1849117730714296418_2024-10-23 15-56_1.webp
OnlyYouSeriesTH_1849117730714296418_2024-10-23 15-56_2.webp,./images/OnlyYouSeriesTH/OnlyYouSeriesTH_1849117730714296418_2024-10-23 15-56_2.webp
OnlyYouSeriesTH_1849117730714296418_2024-10-23 15-56_3.webp,./images/OnlyYouSeriesTH/OnlyYouSeriesTH_1849117730714296418_2024-10-23 15-56_3.webp
OnlyYouSeriesTH_1849117730714296418_2024-10-23 15-56_4.webp,./images/OnlyYouSeriesTH/OnlyYouSeriesTH_1849117730714296418_2024-10-23 15-56_4.webp
OnlyYouSeriesTH_1849118185066524774_2024-10-23 15-58_1.webp,./images/OnlyYouSeriesTH/OnlyYouSeriesTH_1849118185066524774_2024-10-23 15-58_1.webp
OnlyYouSeriesTH_1849118185066524774_2024-10-23 15-58_2.webp,./images/OnlyYouSeriesTH/OnlyYouSeriesTH_1849118185066524774_2024-10-23 15-58_2.webp
OnlyYouSeriesTH_1849118185066524774_2024-10-23 15-58_3.webp,./images/OnlyYouSeriesTH/OnlyYouSeriesTH_1849118185066524774_2024-10-23 15-58_3.webp
OnlyYouSeriesTH_1849118185066524774_2024-10-23 15-58_4.webp,./images/OnlyYouSeriesTH/OnlyYouSeriesTH_1849118185066524774_2024-10-23 15-58_4.webp
OnlyYouSeriesTH_1849118760411726040_2024-10-23 16-00_1.webp,./images/OnlyYouSeriesTH/OnlyYouSeriesTH_1849118760411726040_2024-10-23 16-00_1.webp
OnlyYouSeriesTH_1849118760411726040_2024-10-23 16-00_2.webp,./images/OnlyYouSeriesTH/OnlyYouSeriesTH_1849118760411726040_2024-10-23 16-00_2.webp
OnlyYouSeriesTH_1849118760411726040_2024-10-23 16-00_3.webp,./images/OnlyYouSeriesTH/OnlyYouSeriesTH_1849118760411726040_2024-10-23 16-00_3.webp
OnlyYouSeriesTH_1849118760411726040_2024-10-23 16-00_4.webp,./images/OnlyYouSeriesTH/OnlyYouSeriesTH_1849118760411726040_2024-10-23 16-00_4.webp
OnlyYouSeriesTH_1849280625729249743_2024-10-24 02-43_1.webp,./images/OnlyYouSeriesTH/OnlyYouSeriesTH_1849280625729249743_2024-10-24 02-43_1.webp
OnlyYouSeriesTH_1849280625729249743_2024-10-24 02-43_2.webp,./images/OnlyYouSeriesTH/OnlyYouSeriesTH_1849280625729249743_2024-10-24 02-43_2.webp
OnlyYouSeriesTH_1849330362507272675_2024-10-24 06-01_1.webp,./images/OnlyYouSeriesTH/OnlyYouSeriesTH_1849330362507272675_2024-10-24 06-01_1.webp
OnlyYouSeriesTH_1849330362507272675_2024-10-24 06-01_2.webp,./images/OnlyYouSeriesTH/OnlyYouSeriesTH_1849330362507272675_2024-10-24 06-01_2.webp
OnlyYouSeriesTH_1850790602352279814_2024-10-28 06-44_1.webp,./images/OnlyYouSeriesTH/OnlyYouSeriesTH_1850790602352279814_2024-10-28 06-44_1.webp
OnlyYouSeriesTH_1851462183999455354_2024-10-30 03-12_1.webp,./images/OnlyYouSeriesTH/OnlyYouSeriesTH_1851462183999455354_2024-10-30 03-12_1.webp
OnlyYouSeriesTH_1851462183999455354_2024-10-30 03-12_2.webp,./images/OnlyYouSeriesTH/OnlyYouSeriesTH_1851462183999455354_2024-10-30 03-12_2.webp
OnlyYouSeriesTH_1851462183999455354_2024-10-30 03-12_3.webp,./images/OnlyYouSeriesTH/OnlyYouSeriesTH_1851462183999455354_2024-10-30 03-12_3.webp
OnlyYouSeriesTH_1852531269554606230_2024-11-02 02-00_1.webp,./images/OnlyYouSeriesTH/OnlyYouSeriesTH_1852531269554606230_2024-11-02 02-00_1.webp
OnlyYouSeriesTH_1852580731509494258_2024-11-02 05-17_1.webp,./images/OnlyYouSeriesTH/OnlyYouSeriesTH_1852580731509494258_2024-11-02 05-17_1.webp
OnlyYouSeriesTH_1852598353466630649_2024-11-02 06-27_1.webp,./images/OnlyYouSeriesTH/OnlyYouSeriesTH_1852598353466630649_2024-11-02 06-27_1.webp
OnlyYouSeriesTH_1852646778543452272_2024-11-02 09-39_1.webp,./images/OnlyYouSeriesTH/OnlyYouSeriesTH_1852646778543452272_2024-11-02 09-39_1.webp
OnlyYouSeriesTH_1852658535601193078_2024-11-02 10-26_1.webp,./images/OnlyYouSeriesTH/OnlyYouSeriesTH_1852658535601193078_2024-11-02 10-26_1.webp
OnlyYouSeriesTH_1852673448147038298_2024-11-02 11-25_1.webp,./images/OnlyYouSeriesTH/OnlyYouSeriesTH_1852673448147038298_2024-11-02 11-25_1.webp
OnlyYouSeriesTH_1852678693757596126_2024-11-02 11-46_1.webp,./images/OnlyYouSeriesTH/OnlyYouSeriesTH_1852678693757596126_2024-11-02 11-46_1.webp
OnlyYouSeriesTH_1852678693757596126_2024-11-02 11-46_2.webp,./images/OnlyYouSeriesTH/OnlyYouSeriesTH_1852678693757596126_2024-11-02 11-46_2.webp
OnlyYouSeriesTH_1852697649922855277_2024-11-02 13-01_1.webp,./images/OnlyYouSeriesTH/OnlyYouSeriesTH_1852697649922855277_2024-11-02 13-01_1.webp
OnlyYouSeriesTH_1854102601136304236_2024-11-06 10-04_1.webp,./images/OnlyYouSeriesTH/OnlyYouSeriesTH_1854102601136304236_2024-11-06 10-04_1.webp
OnlyYouSeriesTH_1854102601136304236_2024-11-06 10-04_2.webp,./images/OnlyYouSeriesTH/OnlyYouSeriesTH_1854102601136304236_2024-11-06 10-04_2.webp
OnlyYouSeriesTH_1854102601136304236_2024-11-06 10-04_3.webp,./images/OnlyYouSeriesTH/OnlyYouSeriesTH_1854102601136304236_2024-11-06 10-04_3.webp
OnlyYouSeriesTH_1854102601136304236_2024-11-06 10-04_4.webp,./images/OnlyYouSeriesTH/OnlyYouSeriesTH_1854102601136304236_2024-11-06 10-04_4.webp
OnlyYouSeriesTH_1854416410522612003_2024-11-07 06-51_1.webp,./images/OnlyYouSeriesTH/OnlyYouSeriesTH_1854416410522612003_2024-11-07 06-51_1.webp
OnlyYouSeriesTH_1854829513613652001_2024-11-08 10-13_1.webp,./images/OnlyYouSeriesTH/OnlyYouSeriesTH_1854829513613652001_2024-11-08 10-13_1.webp
OnlyYouSeriesTH_1855953286957846810_2024-11-11 12-38_1.webp,./images/OnlyYouSeriesTH/OnlyYouSeriesTH_1855953286957846810_2024-11-11 12-38_1.webp
OnlyYouSeriesTH_1855953286957846810_2024-11-11 12-38_2.webp,./images/OnlyYouSeriesTH/OnlyYouSeriesTH_1855953286957846810_2024-11-11 12-38_2.webp
OnlyYouSeriesTH_1855953286957846810_2024-11-11 12-38_3.webp,./images/OnlyYouSeriesTH/OnlyYouSeriesTH_1855953286957846810_2024-11-11 12-38_3.webp
OnlyYouSeriesTH_1855954881871241556_2024-11-11 12-45_1.webp,./images/OnlyYouSeriesTH/OnlyYouSeriesTH_1855954881871241556_2024-11-11 12-45_1.webp
OnlyYouSeriesTH_1855954881871241556_2024-11-11 12-45_2.webp,./images/OnlyYouSeriesTH/OnlyYouSeriesTH_1855954881871241556_2024-11-11 12-45_2.webp
OnlyYouSeriesTH_1855954881871241556_2024-11-11 12-45_3.webp,./images/OnlyYouSeriesTH/OnlyYouSeriesTH_1855954881871241556_2024-11-11 12-45_3.webp
OnlyYouSeriesTH_1855954881871241556_2024-11-11 12-45_4.webp,./images/OnlyYouSeriesTH/OnlyYouSeriesTH_1855954881871241556_2024-11-11 12-45_4.webp
OnlyYouSeriesTH_1855956894608757222_2024-11-11 12-53_1.webp,./images/OnlyYouSeriesTH/OnlyYouSeriesTH_1855956894608757222_2024-11-11 12-53_1.webp
OnlyYouSeriesTH_1855956894608757222_2024-11-11 12-53_2.webp,./images/OnlyYouSeriesTH/OnlyYouSeriesTH_1855956894608757222_2024-11-11 12-53_2.webp
OnlyYouSeriesTH_1855956894608757222_2024-11-11 12-53_3.webp,./images/OnlyYouSeriesTH/OnlyYouSeriesTH_1855956894608757222_2024-11-11 12-53_3.webp
OnlyYouSeriesTH_1855958153369706937_2024-11-11 12-58_1.webp,./images/OnlyYouSeriesTH/OnlyYouSeriesTH_1855958153369706937_2024-11-11 12-58_1.webp
OnlyYouSeriesTH_1855959411703058483_2024-11-11 13-03_1.webp,./images/OnlyYouSeriesTH/OnlyYouSeriesTH_1855959411703058483_2024-11-11 13-03_1.webp
OnlyYouSeriesTH_1855961212997222648_2024-11-11 13-10_1.webp,./images/OnlyYouSeriesTH/OnlyYouSeriesTH_1855961212997222648_2024-11-11 13-10_1.webp
OnlyYouSeriesTH_1855961212997222648_2024-11-11 13-10_2.webp,./images/OnlyYouSeriesTH/OnlyYouSeriesTH_1855961212997222648_2024-11-11 13-10_2.webp
OnlyYouSeriesTH_1855962683033460888_2024-11-11 13-16_1.webp,./images/OnlyYouSeriesTH/OnlyYouSeriesTH_1855962683033460888_2024-11-11 13-16_1.webp
OnlyYouSeriesTH_1855962683033460888_2024-11-11 13-16_2.webp,./images/OnlyYouSeriesTH/OnlyYouSeriesTH_1855962683033460888_2024-11-11 13-16_2.webp
OnlyYouSeriesTH_1855962683033460888_2024-11-11 13-16_3.webp,./images/OnlyYouSeriesTH/OnlyYouSeriesTH_1855962683033460888_2024-11-11 13-16_3.webp
OnlyYouSeriesTH_1855964459237593347_2024-11-11 13-23_1.webp,./images/OnlyYouSeriesTH/OnlyYouSeriesTH_1855964459237593347_2024-11-11 13-23_1.webp
OnlyYouSeriesTH_1855964459237593347_2024-11-11 13-23_2.webp,./images/OnlyYouSeriesTH/OnlyYouSeriesTH_1855964459237593347_2024-11-11 13-23_2.webp
OnlyYouSeriesTH_1855966208816021645_2024-11-11 13-30_1.webp,./images/OnlyYouSeriesTH/OnlyYouSeriesTH_1855966208816021645_2024-11-11 13-30_1.webp
OnlyYouSeriesTH_1855966208816021645_2024-11-11 13-30_2.webp,./images/OnlyYouSeriesTH/OnlyYouSeriesTH_1855966208816021645_2024-11-11 13-30_2.webp
OnlyYouSeriesTH_1855966208816021645_2024-11-11 13-30_3.webp,./images/OnlyYouSeriesTH/OnlyYouSeriesTH_1855966208816021645_2024-11-11 13-30_3.webp
OnlyYouSeriesTH_1855968974540013666_2024-11-11 13-41_1.webp,./images/OnlyYouSeriesTH/OnlyYouSeriesTH_1855968974540013666_2024-11-11 13-41_1.webp
OnlyYouSeriesTH_1855968974540013666_2024-11-11 13-41_2.webp,./images/OnlyYouSeriesTH/OnlyYouSeriesTH_1855968974540013666_2024-11-11 13-41_2.webp
OnlyYouSeriesTH_1855969980984229955_2024-11-11 13-45_1.webp,./images/OnlyYouSeriesTH/OnlyYouSeriesTH_1855969980984229955_2024-11-11 13-45_1.webp
OnlyYouSeriesTH_1855969980984229955_2024-11-11 13-45_2.webp,./images/OnlyYouSeriesTH/OnlyYouSeriesTH_1855969980984229955_2024-11-11 13-45_2.webp
OnlyYouSeriesTH_1855969980984229955_2024-11-11 13-45_3.webp,./images/OnlyYouSeriesTH/OnlyYouSeriesTH_1855969980984229955_2024-11-11 13-45_3.webp
OnlyYouSeriesTH_1855969980984229955_2024-11-11 13-45_4.webp,./images/OnlyYouSeriesTH/OnlyYouSeriesTH_1855969980984229955_2024-11-11 13-45_4.webp
OnlyYouSeriesTH_1855973770177151411_2024-11-11 14-00_1.webp,./images/OnlyYouSeriesTH/OnlyYouSeriesTH_1855973770177151411_2024-11-11 14-00_1.webp
OnlyYouSeriesTH_1855973770177151411_2024-11-11 14-00_2.webp,./images/OnlyYouSeriesTH/OnlyYouSeriesTH_1855973770177151411_2024-11-11 14-00_2.webp
OnlyYouSeriesTH_1855973770177151411_2024-11-11 14-00_3.webp,./images/OnlyYouSeriesTH/OnlyYouSeriesTH_1855973770177151411_2024-11-11 14-00_3.webp
OnlyYouSeriesTH_1855976845050802581_2024-11-11 14-12_1.webp,./images/OnlyYouSeriesTH/OnlyYouSeriesTH_1855976845050802581_2024-11-11 14-12_1.webp
OnlyYouSeriesTH_1855976845050802581_2024-11-11 14-12_2.webp,./images/OnlyYouSeriesTH/OnlyYouSeriesTH_1855976845050802581_2024-11-11 14-12_2.webp
OnlyYouSeriesTH_1855976845050802581_2024-11-11 14-12_3.webp,./images/OnlyYouSeriesTH/OnlyYouSeriesTH_1855976845050802581_2024-11-11 14-12_3.webp
OnlyYouSeriesTH_1855978477008363895_2024-11-11 14-18_1.webp,./images/OnlyYouSeriesTH/OnlyYouSeriesTH_1855978477008363895_2024-11-11 14-18_1.webp
OnlyYouSeriesTH_1855978477008363895_2024-11-11 14-18_2.webp,./images/OnlyYouSeriesTH/OnlyYouSeriesTH_1855978477008363895_2024-11-11 14-18_2.webp
OnlyYouSeriesTH_1855978477008363895_2024-11-11 14-18_3.webp,./images/OnlyYouSeriesTH/OnlyYouSeriesTH_1855978477008363895_2024-11-11 14-18_3.webp
OnlyYouSeriesTH_1855978477008363895_2024-11-11 14-18_4.webp,./images/OnlyYouSeriesTH/OnlyYouSeriesTH_1855978477008363895_2024-11-11 14-18_4.webp
OnlyYouSeriesTH_1855982389266440310_2024-11-11 14-34_1.webp,./images/OnlyYouSeriesTH/OnlyYouSeriesTH_1855982389266440310_2024-11-11 14-34_1.webp
OnlyYouSeriesTH_1855982389266440310_2024-11-11 14-34_2.webp,./images/OnlyYouSeriesTH/OnlyYouSeriesTH_1855982389266440310_2024-11-11 14-34_2.webp
OnlyYouSeriesTH_1855982389266440310_2024-11-11 14-34_3.webp,./images/OnlyYouSeriesTH/OnlyYouSeriesTH_1855982389266440310_2024-11-11 14-34_3.webp
OnlyYouSeriesTH_1855984327638868044_2024-11-11 14-42_1.webp,./images/OnlyYouSeriesTH/OnlyYouSeriesTH_1855984327638868044_2024-11-11 14-42_1.webp
OnlyYouSeriesTH_1855984327638868044_2024-11-11 14-42_2.webp,./images/OnlyYouSeriesTH/OnlyYouSeriesTH_1855984327638868044_2024-11-11 14-42_2.webp
OnlyYouSeriesTH_1855984327638868044_2024-11-11 14-42_3.webp,./images/OnlyYouSeriesTH/OnlyYouSeriesTH_1855984327638868044_2024-11-11 14-42_3.webp
OnlyYouSeriesTH_1855984327638868044_2024-11-11 14-42_4.webp,./images/OnlyYouSeriesTH/OnlyYouSeriesTH_1855984327638868044_2024-11-11 14-42_4.webp
OnlyYouSeriesTH_1855985628187607525_2024-11-11 14-47_1.webp,./images/OnlyYouSeriesTH/OnlyYouSeriesTH_1855985628187607525_2024-11-11 14-47_1.webp
OnlyYouSeriesTH_1855985628187607525_2024-11-11 14-47_2.webp,./images/OnlyYouSeriesTH/OnlyYouSeriesTH_1855985628187607525_2024-11-11 14-47_2.webp
OnlyYouSeriesTH_1855985628187607525_2024-11-11 14-47_3.webp,./images/OnlyYouSeriesTH/OnlyYouSeriesTH_1855985628187607525_2024-11-11 14-47_3.webp
OnlyYouSeriesTH_1855988663919988887_2024-11-11 14-59_1.webp,./images/OnlyYouSeriesTH/OnlyYouSeriesTH_1855988663919988887_2024-11-11 14-59_1.webp
OnlyYouSeriesTH_1855988663919988887_2024-11-11 14-59_2.webp,./images/OnlyYouSeriesTH/OnlyYouSeriesTH_1855988663919988887_2024-11-11 14-59_2.webp
OnlyYouSeriesTH_1855990045465035205_2024-11-11 15-04_1.webp,./images/OnlyYouSeriesTH/OnlyYouSeriesTH_1855990045465035205_2024-11-11 15-04_1.webp
OnlyYouSeriesTH_1855990045465035205_2024-11-11 15-04_2.webp,./images/OnlyYouSeriesTH/OnlyYouSeriesTH_1855990045465035205_2024-11-11 15-04_2.webp
OnlyYouSeriesTH_1855990045465035205_2024-11-11 15-04_3.webp,./images/OnlyYouSeriesTH/OnlyYouSeriesTH_1855990045465035205_2024-11-11 15-04_3.webp
OnlyYouSeriesTH_1855990045465035205_2024-11-11 15-04_4.webp,./images/OnlyYouSeriesTH/OnlyYouSeriesTH_1855990045465035205_2024-11-11 15-04_4.webp
OnlyYouSeriesTH_1855991363806154907_2024-11-11 15-09_1.webp,./images/OnlyYouSeriesTH/OnlyYouSeriesTH_1855991363806154907_2024-11-11 15-09_1.webp
OnlyYouSeriesTH_1859536299084087384_2024-11-21 09-56_1.webp,./images/OnlyYouSeriesTH/OnlyYouSeriesTH_1859536299084087384_2024-11-21 09-56_1.webp
OnlyYouSeriesTH_1859568964692738197_2024-11-21 12-06_1.webp,./images/OnlyYouSeriesTH/OnlyYouSeriesTH_1859568964692738197_2024-11-21 12-06_1.webp
OnlyYouSeriesTH_1859568964692738197_2024-11-21 12-06_2.webp,./images/OnlyYouSeriesTH/OnlyYouSeriesTH_1859568964692738197_2024-11-21 12-06_2.webp
OnlyYouSeriesTH_1859568964692738197_2024-11-21 12-06_3.webp,./images/OnlyYouSeriesTH/OnlyYouSeriesTH_1859568964692738197_2024-11-21 12-06_3.webp
OnlyYouSeriesTH_1859568964692738197_2024-11-21 12-06_4.webp,./images/OnlyYouSeriesTH/OnlyYouSeriesTH_1859568964692738197_2024-11-21 12-06_4.webp
OnlyYouSeriesTH_1859916908507832583_2024-11-22 11-08_1.webp,./images/OnlyYouSeriesTH/OnlyYouSeriesTH_1859916908507832583_2024-11-22 11-08_1.webp
OnlyYouSeriesTH_1859916908507832583_2024-11-22 11-08_2.webp,./images/OnlyYouSeriesTH/OnlyYouSeriesTH_1859916908507832583_2024-11-22 11-08_2.webp
OnlyYouSeriesTH_1859937263339393471_2024-11-22 12-29_1.webp,./images/OnlyYouSeriesTH/OnlyYouSeriesTH_1859937263339393471_2024-11-22 12-29_1.webp
OnlyYouSeriesTH_1859937263339393471_2024-11-22 12-29_2.webp,./images/OnlyYouSeriesTH/OnlyYouSeriesTH_1859937263339393471_2024-11-22 12-29_2.webp
OnlyYouSeriesTH_1859949871010304170_2024-11-22 13-19_1.webp,./images/OnlyYouSeriesTH/OnlyYouSeriesTH_1859949871010304170_2024-11-22 13-19_1.webp
OnlyYouSeriesTH_1859949871010304170_2024-11-22 13-19_2.webp,./images/OnlyYouSeriesTH/OnlyYouSeriesTH_1859949871010304170_2024-11-22 13-19_2.webp
OnlyYouSeriesTH_1859949871010304170_2024-11-22 13-19_3.webp,./images/OnlyYouSeriesTH/OnlyYouSeriesTH_1859949871010304170_2024-11-22 13-19_3.webp
OnlyYouSeriesTH_1859949871010304170_2024-11-22 13-19_4.webp,./images/OnlyYouSeriesTH/OnlyYouSeriesTH_1859949871010304170_2024-11-22 13-19_4.webp
OnlyYouSeriesTH_1860162843699740913_2024-11-23 03-25_1.webp,./images/OnlyYouSeriesTH/OnlyYouSeriesTH_1860162843699740913_2024-11-23 03-25_1.webp
OnlyYouSeriesTH_1860162843699740913_2024-11-23 03-25_2.webp,./images/OnlyYouSeriesTH/OnlyYouSeriesTH_1860162843699740913_2024-11-23 03-25_2.webp
OnlyYouSeriesTH_1860163379547263316_2024-11-23 03-28_1.webp,./images/OnlyYouSeriesTH/OnlyYouSeriesTH_1860163379547263316_2024-11-23 03-28_1.webp
OnlyYouSeriesTH_1860163379547263316_2024-11-23 03-28_2.webp,./images/OnlyYouSeriesTH/OnlyYouSeriesTH_1860163379547263316_2024-11-23 03-28_2.webp
OnlyYouSeriesTH_1860163379547263316_2024-11-23 03-28_3.webp,./images/OnlyYouSeriesTH/OnlyYouSeriesTH_1860163379547263316_2024-11-23 03-28_3.webp
OnlyYouSeriesTH_1860163379547263316_2024-11-23 03-28_4.webp,./images/OnlyYouSeriesTH/OnlyYouSeriesTH_1860163379547263316_2024-11-23 03-28_4.webp
OnlyYouSeriesTH_1860169762766225450_2024-11-23 03-53_2.webp,./images/OnlyYouSeriesTH/OnlyYouSeriesTH_1860169762766225450_2024-11-23 03-53_2.webp
OnlyYouSeriesTH_1860169762766225450_2024-11-23 03-53_3.webp,./images/OnlyYouSeriesTH/OnlyYouSeriesTH_1860169762766225450_2024-11-23 03-53_3.webp
OnlyYouSeriesTH_1860173117420896760_2024-11-23 04-06_1.webp,./images/OnlyYouSeriesTH/OnlyYouSeriesTH_1860173117420896760_2024-11-23 04-06_1.webp
OnlyYouSeriesTH_1860173117420896760_2024-11-23 04-06_2.webp,./images/OnlyYouSeriesTH/OnlyYouSeriesTH_1860173117420896760_2024-11-23 04-06_2.webp
OnlyYouSeriesTH_1860194922793750643_2024-11-23 05-33_1.webp,./images/OnlyYouSeriesTH/OnlyYouSeriesTH_1860194922793750643_2024-11-23 05-33_1.webp
OnlyYouSeriesTH_1860194922793750643_2024-11-23 05-33_2.webp,./images/OnlyYouSeriesTH/OnlyYouSeriesTH_1860194922793750643_2024-11-23 05-33_2.webp
OnlyYouSeriesTH_1860202640585687245_2024-11-23 06-04_1.webp,./images/OnlyYouSeriesTH/OnlyYouSeriesTH_1860202640585687245_2024-11-23 06-04_1.webp
OnlyYouSeriesTH_1860202640585687245_2024-11-23 06-04_2.webp,./images/OnlyYouSeriesTH/OnlyYouSeriesTH_1860202640585687245_2024-11-23 06-04_2.webp
OnlyYouSeriesTH_1860206408211529806_2024-11-23 06-19_1.webp,./images/OnlyYouSeriesTH/OnlyYouSeriesTH_1860206408211529806_2024-11-23 06-19_1.webp
OnlyYouSeriesTH_1860227932138143822_2024-11-23 07-44_1.webp,./images/OnlyYouSeriesTH/OnlyYouSeriesTH_1860227932138143822_2024-11-23 07-44_1.webp
OnlyYouSeriesTH_1860228713339904434_2024-11-23 07-47_1.webp,./images/OnlyYouSeriesTH/OnlyYouSeriesTH_1860228713339904434_2024-11-23 07-47_1.webp
OnlyYouSeriesTH_1860228713339904434_2024-11-23 07-47_2.webp,./images/OnlyYouSeriesTH/OnlyYouSeriesTH_1860228713339904434_2024-11-23 07-47_2.webp
OnlyYouSeriesTH_1860228713339904434_2024-11-23 07-47_3.webp,./images/OnlyYouSeriesTH/OnlyYouSeriesTH_1860228713339904434_2024-11-23 07-47_3.webp
OnlyYouSeriesTH_1860228713339904434_2024-11-23 07-47_4.webp,./images/OnlyYouSeriesTH/OnlyYouSeriesTH_1860228713339904434_2024-11-23 07-47_4.webp
OnlyYouSeriesTH_1860229550548091278_2024-11-23 07-51_1.webp,./images/OnlyYouSeriesTH/OnlyYouSeriesTH_1860229550548091278_2024-11-23 07-51_1.webp
OnlyYouSeriesTH_1860229550548091278_2024-11-23 07-51_2.webp,./images/OnlyYouSeriesTH/OnlyYouSeriesTH_1860229550548091278_2024-11-23 07-51_2.webp
OnlyYouSeriesTH_1860243800653987932_2024-11-23 08-47_1.webp,./images/OnlyYouSeriesTH/OnlyYouSeriesTH_1860243800653987932_2024-11-23 08-47_1.webp
OnlyYouSeriesTH_1860243800653987932_2024-11-23 08-47_2.webp,./images/OnlyYouSeriesTH/OnlyYouSeriesTH_1860243800653987932_2024-11-23 08-47_2.webp
OnlyYouSeriesTH_1860243800653987932_2024-11-23 08-47_3.webp,./images/OnlyYouSeriesTH/OnlyYouSeriesTH_1860243800653987932_2024-11-23 08-47_3.webp
OnlyYouSeriesTH_1860243800653987932_2024-11-23 08-47_4.webp,./images/OnlyYouSeriesTH/OnlyYouSeriesTH_1860243800653987932_2024-11-23 08-47_4.webp
OnlyYouSeriesTH_1860244542404067425_2024-11-23 08-50_1.webp,./images/OnlyYouSeriesTH/OnlyYouSeriesTH_1860244542404067425_2024-11-23 08-50_1.webp
OnlyYouSeriesTH_1860244542404067425_2024-11-23 08-50_2.webp,./images/OnlyYouSeriesTH/OnlyYouSeriesTH_1860244542404067425_2024-11-23 08-50_2.webp
OnlyYouSeriesTH_1860244542404067425_2024-11-23 08-50_3.webp,./images/OnlyYouSeriesTH/OnlyYouSeriesTH_1860244542404067425_2024-11-23 08-50_3.webp
OnlyYouSeriesTH_1860244542404067425_2024-11-23 08-50_4.webp,./images/OnlyYouSeriesTH/OnlyYouSeriesTH_1860244542404067425_2024-11-23 08-50_4.webp
OnlyYouSeriesTH_1860245390358200637_2024-11-23 08-53_1.webp,./images/OnlyYouSeriesTH/OnlyYouSeriesTH_1860245390358200637_2024-11-23 08-53_1.webp
OnlyYouSeriesTH_1860245390358200637_2024-11-23 08-53_2.webp,./images/OnlyYouSeriesTH/OnlyYouSeriesTH_1860245390358200637_2024-11-23 08-53_2.webp
OnlyYouSeriesTH_1860245390358200637_2024-11-23 08-53_3.webp,./images/OnlyYouSeriesTH/OnlyYouSeriesTH_1860245390358200637_2024-11-23 08-53_3.webp
OnlyYouSeriesTH_1860245390358200637_2024-11-23 08-53_4.webp,./images/OnlyYouSeriesTH/OnlyYouSeriesTH_1860245390358200637_2024-11-23 08-53_4.webp
OnlyYouSeriesTH_1860246885925290455_2024-11-23 08-59_2.webp,./images/OnlyYouSeriesTH/OnlyYouSeriesTH_1860246885925290455_2024-11-23 08-59_2.webp
OnlyYouSeriesTH_1860246885925290455_2024-11-23 08-59_3.webp,./images/OnlyYouSeriesTH/OnlyYouSeriesTH_1860246885925290455_2024-11-23 08-59_3.webp
